authentic_source_person_id_84,Zoe,Saldana,1981-11-23,FR,EHIC:00001,collect_id_ehic_84,EHIC,document_id_ehic_84,https://wallet.dc4eu.eu/cb?credential_offer=%7B%22credential_issuer%22%3A%22https%3A%2F%2Fsatosa-test-1.sunet.se%22%2C%22credential_configuration_ids%22%3A%5B%22EHICCredential%22%5D%2C%22grants%22%3A%7B%22authorization_code%22%3A%7B%22issuer_state%22%3A%22collect_id%3Dcollect_id_ehic_84%5Cu0026document_type%3DEHIC%5Cu0026authentic_source%3DEHIC%3A00001%22%7D%7D%7D
authentic_source_person_id_129,Owen,Wilson,2007-09-11,FR,EHIC:00001,collect_id_ehic_129,EHIC,document_id_ehic_129,https://wallet.dc4eu.eu/cb?credential_offer=%7B%22credential_issuer%22%3A%22https%3A%2F%2Fsatosa-test-1.sunet.se%22%2C%22credential_configuration_ids%22%3A%5B%22EHICCredential%22%5D%2C%22grants%22%3A%7B%22authorization_code%22%3A%7B%22issuer_state%22%3A%22collect_id%3Dcollect_id_ehic_129%5Cu0026document_type%3DEHIC%5Cu0026authentic_source%3DEHIC%3A00001%22%7D%7D%7D
authentic_source_person_id_135,Halle,Berry,1989-08-25,FR,EHIC:00001,collect_id_ehic_135,EHIC,document_id_ehic_135,https://wallet.dc4eu.eu/cb?credential_offer=%7B%22credential_issuer%22%3A%22https%3A%2F%2Fsatosa-test-1.sunet.se%22%2C%22credential_configuration_ids%22%3A%5B%22EHICCredential%22%5D%2C%22grants%22%3A%7B%22authorization_code%22%3A%7B%22issuer_state%22%3A%22collect_id%3Dcollect_id_ehic_135%5Cu0026document_type%3DEHIC%5Cu0026authentic_source%3DEHIC%3A00001%22%7D%7D%7D
authentic_source_person_id_81,Morgan,Freeman,1990-08-24,FR,EHIC:00001,collect_id_ehic_81,EHIC,document_id_ehic_81,https://wallet.dc4eu.eu/cb?credential_offer=%7B%22credential_issuer%22%3A%22https%3A%2F%2Fsatosa-test-1.sunet.se%22%2C%22credential_configuration_ids%22%3A%5B%22EHICCredential%22%5D%2C%22grants%22%3A%7B%22authorization_code%22%3A%7B%22issuer_state%22%3A%22collect_id%3Dcollect_id_ehic_81%5Cu0026document_type%3DEHIC%5Cu0026authentic_source%3DEHIC%3A00001%22%7D%7D%7D
authentic_source_person_id_82,Donald,Glover,2007-03-17,FR,EHIC:00001,collect_id_ehic_82,EHIC,document_id_ehic_82,https://wallet.dc4eu.eu/cb?credential_offer=%7B%22credential_issuer%22%3A%22https%3A%2F%2Fsatosa-test-1.sunet.se%22%2C%22credential_configuration_ids%22%3A%5B%22EHICCredential%22%5D%2C%22grants%22%3A%7B%22authorization_code%22%3A%7B%22issuer_state%22%3A%22collect_id%3Dcollect_id_ehic_82%5Cu0026document_type%3DEHIC%5Cu0026authentic_source%3DEHIC%3A00001%22%7D%7D%7D
authentic_source_person_id_88,Anthony,Hopkins,2006-08-16,FR,EHIC:00001,collect_id_ehic_88,EHIC,document_id_ehic_88,https://wallet.dc4eu.eu/cb?credential_offer=%7B%22credential_issuer%22%3A%22https%3A%2F%2Fsatosa-test-1.sunet.se%22%2C%22credential_configuration_ids%22%3A%5B%22EHICCredential%22%5D%2C%22grants%22%3A%7B%22authorization_code%22%3A%7B%22issuer_state%22%3A%22collect_id%3Dcollect_id_ehic_88%5Cu0026document_type%3DEHIC%5Cu0026authentic_source%3DEHIC%3A00001%22%7D%7D%7D
authentic_source_person_id_99,Ewan,McGregor,1991-08-29,FR,EHIC:00001,collect_id_ehic_99,EHIC,document_id_ehic_99,https://wallet.dc4eu.eu/cb?credential_offer=%7B%22credential_issuer%22%3A%22https%3A%2F%2Fsatosa-test-1.sunet.se%22%2C%22credential_configuration_ids%22%3A%5B%22EHICCredential%22%5D%2C%22grants%22%3A%7B%22authorization_code%22%3A%7B%22issuer_state%22%3A%22collect_id%3Dcollect_id_ehic_99%5Cu0026document_type%3DEHIC%5Cu0026authentic_source%3DEHIC%3A00001%22%7D%7D%7D
authentic_source_person_id_123,Vince,Vaughn,1988-02-19,FR,EHIC:00001,collect_id_ehic_123,EHIC,document_id_ehic_123,https://wallet.dc4eu.eu/cb?credential_offer=%7B%22credential_issuer%22%3A%22https%3A%2F%2Fsatosa-test-1.sunet.se%22%2C%22credential_configuration_ids%22%3A%5B%22EHICCredential%22%5D%2C%22grants%22%3A%7B%22authorization_code%22%3A%7B%22issuer_state%22%3A%22collect_id%3Dcollect_id_ehic_123%5Cu0026document_type%3DEHIC%5Cu0026authentic_source%3DEHIC%3A00001%22%7D%7D%7D
authentic_source_person_id_79,Jodie,Foster,1991-10-30,FR,EHIC:00001,collect_id_ehic_79,EHIC,document_id_ehic_79,https://wallet.dc4eu.eu/cb?credential_offer=%7B%22credential_issuer%22%3A%22https%3A%2F%2Fsatosa-test-1.sunet.se%22%2C%22credential_configuration_ids%22%3A%5B%22EHICCredential%22%5D%2C%22grants%22%3A%7B%22authorization_code%22%3A%7B%22issuer_state%22%3A%22collect_id%3Dcollect_id_ehic_79%5Cu0026document_type%3DEHIC%5Cu0026authentic_source%3DEHIC%3A00001%22%7D%7D%7D
authentic_source_person_id_97,Rachel,McAdams,1998-06-09,FR,EHIC:00001,collect_id_ehic_97,EHIC,document_id_ehic_97,https://wallet.dc4eu.eu/cb?credential_offer=%7B%22credential_issuer%22%3A%22https%3A%2F%2Fsatosa-test-1.sunet.se%22%2C%22credential_configuration_ids%22%3A%5B%22EHICCredential%22%5D%2C%22grants%22%3A%7B%22authorization_code%22%3A%7B%22issuer_state%22%3A%22collect_id%3Dcollect_id_ehic_97%5Cu0026document_type%3DEHIC%5Cu0026authentic_source%3DEHIC%3A00001%22%7D%7D%7D
authentic_source_person_id_103,Al,Pacino,1984-06-11,FR,EHIC:00001,collect_id_ehic_103,EHIC,document_id_ehic_103,https://wallet.dc4eu.eu/cb?credential_offer=%7B%22credential_issuer%22%3A%22https%3A%2F%2Fsatosa-test-1.sunet.se%22%2C%22credential_configuration_ids%22%3A%5B%22EHICCredential%22%5D%2C%22grants%22%3A%7B%22authorization_code%22%3A%7B%22issuer_state%22%3A%22collect_id%3Dcollect_id_ehic_103%5Cu0026document_type%3DEHIC%5Cu0026authentic_source%3DEHIC%3A00001%22%7D%7D%7D
authentic_source_person_id_105,Joaquin,Phoenix,1979-10-16,FR,EHIC:00001,collect_id_ehic_105,EHIC,document_id_ehic_105,https://wallet.dc4eu.eu/cb?credential_offer=%7B%22credential_issuer%22%3A%22https%3A%2F%2Fsatosa-test-1.sunet.se%22%2C%22credential_configuration_ids%22%3A%5B%22EHICCredential%22%5D%2C%22grants%22%3A%7B%22authorization_code%22%3A%7B%22issuer_state%22%3A%22collect_id%3Dcollect_id_ehic_105%5Cu0026document_type%3DEHIC%5Cu0026authentic_source%3DEHIC%3A00001%22%7D%7D%7D
authentic_source_person_id_127,Naomi,Watts,1990-07-24,FR,EHIC:00001,collect_id_ehic_127,EHIC,document_id_ehic_127,https://wallet.dc4eu.eu/cb?credential_offer=%7B%22credential_issuer%22%3A%22https%3A%2F%2Fsatosa-test-1.sunet.se%22%2C%22credential_configuration_ids%22%3A%5B%22EHICCredential%22%5D%2C%22grants%22%3A%7B%22authorization_code%22%3A%7B%22issuer_state%22%3A%22collect_id%3Dcollect_id_ehic_127%5Cu0026document_type%3DEHIC%5Cu0026authentic_source%3DEHIC%3A00001%22%7D%7D%7D
authentic_source_person_id_130,Kate,Winslet,1986-06-19,FR,EHIC:00001,collect_id_ehic_130,EHIC,document_id_ehic_130,https://wallet.dc4eu.eu/cb?credential_offer=%7B%22credential_issuer%22%3A%22https%3A%2F%2Fsatosa-test-1.sunet.se%22%2C%22credential_configuration_ids%22%3A%5B%22EHICCredential%22%5D%2C%22grants%22%3A%7B%22authorization_code%22%3A%7B%22issuer_state%22%3A%22collect_id%3Dcollect_id_ehic_130%5Cu0026document_type%3DEHIC%5Cu0026authentic_source%3DEHIC%3A00001%22%7D%7D%7D
authentic_source_person_id_141,Nicolas,Cage,2005-05-13,FR,EHIC:00001,collect_id_ehic_141,EHIC,document_id_ehic_141,https://wallet.dc4eu.eu/cb?credential_offer=%7B%22credential_issuer%22%3A%22https%3A%2F%2Fsatosa-test-1.sunet.se%22%2C%22credential_configuration_ids%22%3A%5B%22EHICCredential%22%5D%2C%22grants%22%3A%7B%22authorization_code%22%3A%7B%22issuer_state%22%3A%22collect_id%3Dcollect_id_ehic_141%5Cu0026document_type%3DEHIC%5Cu0026authentic_source%3DEHIC%3A00001%22%7D%7D%7D
authentic_source_person_id_72,Johnny,Depp,1985-12-03,FR,EHIC:00001,collect_id_ehic_72,EHIC,document_id_ehic_72,https://wallet.dc4eu.eu/cb?credential_offer=%7B%22credential_issuer%22%3A%22https%3A%2F%2Fsatosa-test-1.sunet.se%22%2C%22credential_configuration_ids%22%3A%5B%22EHICCredential%22%5D%2C%22grants%22%3A%7B%22authorization_code%22%3A%7B%22issuer_state%22%3A%22collect_id%3Dcollect_id_ehic_72%5Cu0026document_type%3DEHIC%5Cu0026authentic_source%3DEHIC%3A00001%22%7D%7D%7D
authentic_source_person_id_86,Salma,Hayek,1983-08-27,FR,EHIC:00001,collect_id_ehic_86,EHIC,document_id_ehic_86,https://wallet.dc4eu.eu/cb?credential_offer=%7B%22credential_issuer%22%3A%22https%3A%2F%2Fsatosa-test-1.sunet.se%22%2C%22credential_configuration_ids%22%3A%5B%22EHICCredential%22%5D%2C%22grants%22%3A%7B%22authorization_code%22%3A%7B%22issuer_state%22%3A%22collect_id%3Dcollect_id_ehic_86%5Cu0026document_type%3DEHIC%5Cu0026authentic_source%3DEHIC%3A00001%22%7D%7D%7D
authentic_source_person_id_91,Scarlett,Johansson,1980-05-12,FR,EHIC:00001,collect_id_ehic_91,EHIC,document_id_ehic_91,https://wallet.dc4eu.eu/cb?credential_offer=%7B%22credential_issuer%22%3A%22https%3A%2F%2Fsatosa-test-1.sunet.se%22%2C%22credential_configuration_ids%22%3A%5B%22EHICCredential%22%5D%2C%22grants%22%3A%7B%22authorization_code%22%3A%7B%22issuer_state%22%3A%22collect_id%3Dcollect_id_ehic_91%5Cu0026document_type%3DEHIC%5Cu0026authentic_source%3DEHIC%3A00001%22%7D%7D%7D
authentic_source_person_id_108,Chris,Pratt,1974-01-07,FR,EHIC:00001,collect_id_ehic_108,EHIC,document_id_ehic_108,https://wallet.dc4eu.eu/cb?credential_offer=%7B%22credential_issuer%22%3A%22https%3A%2F%2Fsatosa-test-1.sunet.se%22%2C%22credential_configuration_ids%22%3A%5B%22EHICCredential%22%5D%2C%22grants%22%3A%7B%22authorization_code%22%3A%7B%22issuer_state%22%3A%22collect_id%3Dcollect_id_ehic_108%5Cu0026document_type%3DEHIC%5Cu0026authentic_source%3DEHIC%3A00001%22%7D%7D%7D
authentic_source_person_id_113,Julia,Roberts,1982-07-30,FR,EHIC:00001,collect_id_ehic_113,EHIC,document_id_ehic_113,https://wallet.dc4eu.eu/cb?credential_offer=%7B%22credential_issuer%22%3A%22https%3A%2F%2Fsatosa-test-1.sunet.se%22%2C%22credential_configuration_ids%22%3A%5B%22EHICCredential%22%5D%2C%22grants%22%3A%7B%22authorization_code%22%3A%7B%22issuer_state%22%3A%22collect_id%3Dcollect_id_ehic_113%5Cu0026document_type%3DEHIC%5Cu0026authentic_source%3DEHIC%3A00001%22%7D%7D%7D
authentic_source_person_id_114,Paul,Rudd,2006-03-28,FR,EHIC:00001,collect_id_ehic_114,EHIC,document_id_ehic_114,https://wallet.dc4eu.eu/cb?credential_offer=%7B%22credential_issuer%22%3A%22https%3A%2F%2Fsatosa-test-1.sunet.se%22%2C%22credential_configuration_ids%22%3A%5B%22EHICCredential%22%5D%2C%22grants%22%3A%7B%22authorization_code%22%3A%7B%22issuer_state%22%3A%22collect_id%3Dcollect_id_ehic_114%5Cu0026document_type%3DEHIC%5Cu0026authentic_source%3DEHIC%3A00001%22%7D%7D%7D
authentic_source_person_id_122,Charlize,Theron,1988-12-11,FR,EHIC:00001,collect_id_ehic_122,EHIC,document_id_ehic_122,https://wallet.dc4eu.eu/cb?credential_offer=%7B%22credential_issuer%22%3A%22https%3A%2F%2Fsatosa-test-1.sunet.se%22%2C%22credential_configuration_ids%22%3A%5B%22EHICCredential%22%5D%2C%22grants%22%3A%7B%22authorization_code%22%3A%7B%22issuer_state%22%3A%22collect_id%3Dcollect_id_ehic_122%5Cu0026document_type%3DEHIC%5Cu0026authentic_source%3DEHIC%3A00001%22%7D%7D%7D
authentic_source_person_id_102,Gary,Oldman,1988-09-09,FR,EHIC:00001,collect_id_ehic_102,EHIC,document_id_ehic_102,https://wallet.dc4eu.eu/cb?credential_offer=%7B%22credential_issuer%22%3A%22https%3A%2F%2Fsatosa-test-1.sunet.se%22%2C%22credential_configuration_ids%22%3A%5B%22EHICCredential%22%5D%2C%22grants%22%3A%7B%22authorization_code%22%3A%7B%22issuer_state%22%3A%22collect_id%3Dcollect_id_ehic_102%5Cu0026document_type%3DEHIC%5Cu0026authentic_source%3DEHIC%3A00001%22%7D%7D%7D
authentic_source_person_id_125,Christoph,Waltz,1986-03-23,FR,EHIC:00001,collect_id_ehic_125,EHIC,document_id_ehic_125,https://wallet.dc4eu.eu/cb?credential_offer=%7B%22credential_issuer%22%3A%22https%3A%2F%2Fsatosa-test-1.sunet.se%22%2C%22credential_configuration_ids%22%3A%5B%22EHICCredential%22%5D%2C%22grants%22%3A%7B%22authorization_code%22%3A%7B%22issuer_state%22%3A%22collect_id%3Dcollect_id_ehic_125%5Cu0026document_type%3DEHIC%5Cu0026authentic_source%3DEHIC%3A00001%22%7D%7D%7D
authentic_source_person_id_136,Jessica,Biel,1988-09-12,FR,EHIC:00001,collect_id_ehic_136,EHIC,document_id_ehic_136,https://wallet.dc4eu.eu/cb?credential_offer=%7B%22credential_issuer%22%3A%22https%3A%2F%2Fsatosa-test-1.sunet.se%22%2C%22credential_configuration_ids%22%3A%5B%22EHICCredential%22%5D%2C%22grants%22%3A%7B%22authorization_code%22%3A%7B%22issuer_state%22%3A%22collect_id%3Dcollect_id_ehic_136%5Cu0026document_type%3DEHIC%5Cu0026authentic_source%3DEHIC%3A00001%22%7D%7D%7D
authentic_source_person_id_149,Viola,Davis,2007-04-20,FR,EHIC:00001,collect_id_ehic_149,EHIC,document_id_ehic_149,https://wallet.dc4eu.eu/cb?credential_offer=%7B%22credential_issuer%22%3A%22https%3A%2F%2Fsatosa-test-1.sunet.se%22%2C%22credential_configuration_ids%22%3A%5B%22EHICCredential%22%5D%2C%22grants%22%3A%7B%22authorization_code%22%3A%7B%22issuer_state%22%3A%22collect_id%3Dcollect_id_ehic_149%5Cu0026document_type%3DEHIC%5Cu0026authentic_source%3DEHIC%3A00001%22%7D%7D%7D
authentic_source_person_id_93,Nicole,Kidman,1983-03-15,FR,EHIC:00001,collect_id_ehic_93,EHIC,document_id_ehic_93,https://wallet.dc4eu.eu/cb?credential_offer=%7B%22credential_issuer%22%3A%22https%3A%2F%2Fsatosa-test-1.sunet.se%22%2C%22credential_configuration_ids%22%3A%5B%22EHICCredential%22%5D%2C%22grants%22%3A%7B%22authorization_code%22%3A%7B%22issuer_state%22%3A%22collect_id%3Dcollect_id_ehic_93%5Cu0026document_type%3DEHIC%5Cu0026authentic_source%3DEHIC%3A00001%22%7D%7D%7D
authentic_source_person_id_138,Emily,Blunt,2000-08-15,FR,EHIC:00001,collect_id_ehic_138,EHIC,document_id_ehic_138,https://wallet.dc4eu.eu/cb?credential_offer=%7B%22credential_issuer%22%3A%22https%3A%2F%2Fsatosa-test-1.sunet.se%22%2C%22credential_configuration_ids%22%3A%5B%22EHICCredential%22%5D%2C%22grants%22%3A%7B%22authorization_code%22%3A%7B%22issuer_state%22%3A%22collect_id%3Dcollect_id_ehic_138%5Cu0026document_type%3DEHIC%5Cu0026authentic_source%3DEHIC%3A00001%22%7D%7D%7D
authentic_source_person_id_139,John,Boyega,2005-12-05,FR,EHIC:00001,collect_id_ehic_139,EHIC,document_id_ehic_139,https://wallet.dc4eu.eu/cb?credential_offer=%7B%22credential_issuer%22%3A%22https%3A%2F%2Fsatosa-test-1.sunet.se%22%2C%22credential_configuration_ids%22%3A%5B%22EHICCredential%22%5D%2C%22grants%22%3A%7B%22authorization_code%22%3A%7B%22issuer_state%22%3A%22collect_id%3Dcollect_id_ehic_139%5Cu0026document_type%3DEHIC%5Cu0026authentic_source%3DEHIC%3A00001%22%7D%7D%7D
authentic_source_person_id_143,Jessica,Chastain,1982-10-19,FR,EHIC:00001,collect_id_ehic_143,EHIC,document_id_ehic_143,https://wallet.dc4eu.eu/cb?credential_offer=%7B%22credential_issuer%22%3A%22https%3A%2F%2Fsatosa-test-1.sunet.se%22%2C%22credential_configuration_ids%22%3A%5B%22EHICCredential%22%5D%2C%22grants%22%3A%7B%22authorization_code%22%3A%7B%22issuer_state%22%3A%22collect_id%3Dcollect_id_ehic_143%5Cu0026document_type%3DEHIC%5Cu0026authentic_source%3DEHIC%3A00001%22%7D%7D%7D
authentic_source_person_id_144,Glenn,Close,1981-02-05,FR,EHIC:00001,collect_id_ehic_144,EHIC,document_id_ehic_144,https://wallet.dc4eu.eu/cb?credential_offer=%7B%22credential_issuer%22%3A%22https%3A%2F%2Fsatosa-test-1.sunet.se%22%2C%22credential_configuration_ids%22%3A%5B%22EHICCredential%22%5D%2C%22grants%22%3A%7B%22authorization_code%22%3A%7B%22issuer_state%22%3A%22collect_id%3Dcollect_id_ehic_144%5Cu0026document_type%3DEHIC%5Cu0026authentic_source%3DEHIC%3A00001%22%7D%7D%7D
authentic_source_person_id_73,Leonardo,DiCaprio,1972-08-28,FR,EHIC:00001,collect_id_ehic_73,EHIC,document_id_ehic_73,https://wallet.dc4eu.eu/cb?credential_offer=%7B%22credential_issuer%22%3A%22https%3A%2F%2Fsatosa-test-1.sunet.se%22%2C%22credential_configuration_ids%22%3A%5B%22EHICCredential%22%5D%2C%22grants%22%3A%7B%22authorization_code%22%3A%7B%22issuer_state%22%3A%22collect_id%3Dcollect_id_ehic_73%5Cu0026document_type%3DEHIC%5Cu0026authentic_source%3DEHIC%3A00001%22%7D%7D%7D
authentic_source_person_id_74,Robert,Downey Jr.,1983-05-12,FR,EHIC:00001,collect_id_ehic_74,EHIC,document_id_ehic_74,https://wallet.dc4eu.eu/cb?credential_offer=%7B%22credential_issuer%22%3A%22https%3A%2F%2Fsatosa-test-1.sunet.se%22%2C%22credential_configuration_ids%22%3A%5B%22EHICCredential%22%5D%2C%22grants%22%3A%7B%22authorization_code%22%3A%7B%22issuer_state%22%3A%22collect_id%3Dcollect_id_ehic_74%5Cu0026document_type%3DEHIC%5Cu0026authentic_source%3DEHIC%3A00001%22%7D%7D%7D
authentic_source_person_id_78,Michael,Fassbender,1992-04-24,FR,EHIC:00001,collect_id_ehic_78,EHIC,document_id_ehic_78,https://wallet.dc4eu.eu/cb?credential_offer=%7B%22credential_issuer%22%3A%22https%3A%2F%2Fsatosa-test-1.sunet.se%22%2C%22credential_configuration_ids%22%3A%5B%22EHICCredential%22%5D%2C%22grants%22%3A%7B%22authorization_code%22%3A%7B%22issuer_state%22%3A%22collect_id%3Dcollect_id_ehic_78%5Cu0026document_type%3DEHIC%5Cu0026authentic_source%3DEHIC%3A00001%22%7D%7D%7D
authentic_source_person_id_96,Jennifer,Lawrence,2006-02-14,FR,EHIC:00001,collect_id_ehic_96,EHIC,document_id_ehic_96,https://wallet.dc4eu.eu/cb?credential_offer=%7B%22credential_issuer%22%3A%22https%3A%2F%2Fsatosa-test-1.sunet.se%22%2C%22credential_configuration_ids%22%3A%5B%22EHICCredential%22%5D%2C%22grants%22%3A%7B%22authorization_code%22%3A%7B%22issuer_state%22%3A%22collect_id%3Dcollect_id_ehic_96%5Cu0026document_type%3DEHIC%5Cu0026authentic_source%3DEHIC%3A00001%22%7D%7D%7D
authentic_source_person_id_106,Brad,Pitt,1974-12-07,FR,EHIC:00001,collect_id_ehic_106,EHIC,document_id_ehic_106,https://wallet.dc4eu.eu/cb?credential_offer=%7B%22credential_issuer%22%3A%22https%3A%2F%2Fsatosa-test-1.sunet.se%22%2C%22credential_configuration_ids%22%3A%5B%22EHICCredential%22%5D%2C%22grants%22%3A%7B%22authorization_code%22%3A%7B%22issuer_state%22%3A%22collect_id%3Dcollect_id_ehic_106%5Cu0026document_type%3DEHIC%5Cu0026authentic_source%3DEHIC%3A00001%22%7D%7D%7D
authentic_source_person_id_118,Emma,Stone,1985-01-27,FR,EHIC:00001,collect_id_ehic_118,EHIC,document_id_ehic_118,https://wallet.dc4eu.eu/cb?credential_offer=%7B%22credential_issuer%22%3A%22https%3A%2F%2Fsatosa-test-1.sunet.se%22%2C%22credential_configuration_ids%22%3A%5B%22EHICCredential%22%5D%2C%22grants%22%3A%7B%22authorization_code%22%3A%7B%22issuer_state%22%3A%22collect_id%3Dcollect_id_ehic_118%5Cu0026document_type%3DEHIC%5Cu0026authentic_source%3DEHIC%3A00001%22%7D%7D%7D
authentic_source_person_id_120,Tilda,Swinton,1984-04-14,FR,EHIC:00001,collect_id_ehic_120,EHIC,document_id_ehic_120,https://wallet.dc4eu.eu/cb?credential_offer=%7B%22credential_issuer%22%3A%22https%3A%2F%2Fsatosa-test-1.sunet.se%22%2C%22credential_configuration_ids%22%3A%5B%22EHICCredential%22%5D%2C%22grants%22%3A%7B%22authorization_code%22%3A%7B%22issuer_state%22%3A%22collect_id%3Dcollect_id_ehic_120%5Cu0026document_type%3DEHIC%5Cu0026authentic_source%3DEHIC%3A00001%22%7D%7D%7D
authentic_source_person_id_87,Chris,Hemsworth,1992-01-19,FR,EHIC:00001,collect_id_ehic_87,EHIC,document_id_ehic_87,https://wallet.dc4eu.eu/cb?credential_offer=%7B%22credential_issuer%22%3A%22https%3A%2F%2Fsatosa-test-1.sunet.se%22%2C%22credential_configuration_ids%22%3A%5B%22EHICCredential%22%5D%2C%22grants%22%3A%7B%22authorization_code%22%3A%7B%22issuer_state%22%3A%22collect_id%3Dcollect_id_ehic_87%5Cu0026document_type%3DEHIC%5Cu0026authentic_source%3DEHIC%3A00001%22%7D%7D%7D
authentic_source_person_id_92,Dakota,Johnson,1999-04-21,FR,EHIC:00001,collect_id_ehic_92,EHIC,document_id_ehic_92,https://wallet.dc4eu.eu/cb?credential_offer=%7B%22credential_issuer%22%3A%22https%3A%2F%2Fsatosa-test-1.sunet.se%22%2C%22credential_configuration_ids%22%3A%5B%22EHICCredential%22%5D%2C%22grants%22%3A%7B%22authorization_code%22%3A%7B%22issuer_state%22%3A%22collect_id%3Dcollect_id_ehic_92%5Cu0026document_type%3DEHIC%5Cu0026authentic_source%3DEHIC%3A00001%22%7D%7D%7D
authentic_source_person_id_94,Vanessa,Kirby,1993-06-28,FR,EHIC:00001,collect_id_ehic_94,EHIC,document_id_ehic_94,https://wallet.dc4eu.eu/cb?credential_offer=%7B%22credential_issuer%22%3A%22https%3A%2F%2Fsatosa-test-1.sunet.se%22%2C%22credential_configuration_ids%22%3A%5B%22EHICCredential%22%5D%2C%22grants%22%3A%7B%22authorization_code%22%3A%7B%22issuer_state%22%3A%22collect_id%3Dcollect_id_ehic_94%5Cu0026document_type%3DEHIC%5Cu0026authentic_source%3DEHIC%3A00001%22%7D%7D%7D
authentic_source_person_id_110,John C.,Reilly,2005-11-19,FR,EHIC:00001,collect_id_ehic_110,EHIC,document_id_ehic_110,https://wallet.dc4eu.eu/cb?credential_offer=%7B%22credential_issuer%22%3A%22https%3A%2F%2Fsatosa-test-1.sunet.se%22%2C%22credential_configuration_ids%22%3A%5B%22EHICCredential%22%5D%2C%22grants%22%3A%7B%22authorization_code%22%3A%7B%22issuer_state%22%3A%22collect_id%3Dcollect_id_ehic_110%5Cu0026document_type%3DEHIC%5Cu0026authentic_source%3DEHIC%3A00001%22%7D%7D%7D
authentic_source_person_id_134,Anne,Bancroft,1980-12-30,FR,EHIC:00001,collect_id_ehic_134,EHIC,document_id_ehic_134,https://wallet.dc4eu.eu/cb?credential_offer=%7B%22credential_issuer%22%3A%22https%3A%2F%2Fsatosa-test-1.sunet.se%22%2C%22credential_configuration_ids%22%3A%5B%22EHICCredential%22%5D%2C%22grants%22%3A%7B%22authorization_code%22%3A%7B%22issuer_state%22%3A%22collect_id%3Dcollect_id_ehic_134%5Cu0026document_type%3DEHIC%5Cu0026authentic_source%3DEHIC%3A00001%22%7D%7D%7D
authentic_source_person_id_77,Colin,Farrell,1977-04-25,FR,EHIC:00001,collect_id_ehic_77,EHIC,document_id_ehic_77,https://wallet.dc4eu.eu/cb?credential_offer=%7B%22credential_issuer%22%3A%22https%3A%2F%2Fsatosa-test-1.sunet.se%22%2C%22credential_configuration_ids%22%3A%5B%22EHICCredential%22%5D%2C%22grants%22%3A%7B%22authorization_code%22%3A%7B%22issuer_state%22%3A%22collect_id%3Dcollect_id_ehic_77%5Cu0026document_type%3DEHIC%5Cu0026authentic_source%3DEHIC%3A00001%22%7D%7D%7D
authentic_source_person_id_85,Anne,Hathaway,1987-05-06,FR,EHIC:00001,collect_id_ehic_85,EHIC,document_id_ehic_85,https://wallet.dc4eu.eu/cb?credential_offer=%7B%22credential_issuer%22%3A%22https%3A%2F%2Fsatosa-test-1.sunet.se%22%2C%22credential_configuration_ids%22%3A%5B%22EHICCredential%22%5D%2C%22grants%22%3A%7B%22authorization_code%22%3A%7B%22issuer_state%22%3A%22collect_id%3Dcollect_id_ehic_85%5Cu0026document_type%3DEHIC%5Cu0026authentic_source%3DEHIC%3A00001%22%7D%7D%7D
authentic_source_person_id_109,Keanu,Reeves,1985-11-26,FR,EHIC:00001,collect_id_ehic_109,EHIC,document_id_ehic_109,https://wallet.dc4eu.eu/cb?credential_offer=%7B%22credential_issuer%22%3A%22https%3A%2F%2Fsatosa-test-1.sunet.se%22%2C%22credential_configuration_ids%22%3A%5B%22EHICCredential%22%5D%2C%22grants%22%3A%7B%22authorization_code%22%3A%7B%22issuer_state%22%3A%22collect_id%3Dcollect_id_ehic_109%5Cu0026document_type%3DEHIC%5Cu0026authentic_source%3DEHIC%3A00001%22%7D%7D%7D
authentic_source_person_id_111,Ryan,Reynolds,1988-12-05,FR,EHIC:00001,collect_id_ehic_111,EHIC,document_id_ehic_111,https://wallet.dc4eu.eu/cb?credential_offer=%7B%22credential_issuer%22%3A%22https%3A%2F%2Fsatosa-test-1.sunet.se%22%2C%22credential_configuration_ids%22%3A%5B%22EHICCredential%22%5D%2C%22grants%22%3A%7B%22authorization_code%22%3A%7B%22issuer_state%22%3A%22collect_id%3Dcollect_id_ehic_111%5Cu0026document_type%3DEHIC%5Cu0026authentic_source%3DEHIC%3A00001%22%7D%7D%7D
authentic_source_person_id_112,Margot,Robbie,1991-02-14,FR,EHIC:00001,collect_id_ehic_112,EHIC,document_id_ehic_112,https://wallet.dc4eu.eu/cb?credential_offer=%7B%22credential_issuer%22%3A%22https%3A%2F%2Fsatosa-test-1.sunet.se%22%2C%22credential_configuration_ids%22%3A%5B%22EHICCredential%22%5D%2C%22grants%22%3A%7B%22authorization_code%22%3A%7B%22issuer_state%22%3A%22collect_id%3Dcollect_id_ehic_112%5Cu0026document_type%3DEHIC%5Cu0026authentic_source%3DEHIC%3A00001%22%7D%7D%7D
authentic_source_person_id_142,Steve,Carell,2005-06-04,FR,EHIC:00001,collect_id_ehic_142,EHIC,document_id_ehic_142,https://wallet.dc4eu.eu/cb?credential_offer=%7B%22credential_issuer%22%3A%22https%3A%2F%2Fsatosa-test-1.sunet.se%22%2C%22credential_configuration_ids%22%3A%5B%22EHICCredential%22%5D%2C%22grants%22%3A%7B%22authorization_code%22%3A%7B%22issuer_state%22%3A%22collect_id%3Dcollect_id_ehic_142%5Cu0026document_type%3DEHIC%5Cu0026authentic_source%3DEHIC%3A00001%22%7D%7D%7D
authentic_source_person_id_146,Penélope,Cruz,1994-05-22,FR,EHIC:00001,collect_id_ehic_146,EHIC,document_id_ehic_146,https://wallet.dc4eu.eu/cb?credential_offer=%7B%22credential_issuer%22%3A%22https%3A%2F%2Fsatosa-test-1.sunet.se%22%2C%22credential_configuration_ids%22%3A%5B%22EHICCredential%22%5D%2C%22grants%22%3A%7B%22authorization_code%22%3A%7B%22issuer_state%22%3A%22collect_id%3Dcollect_id_ehic_146%5Cu0026document_type%3DEHIC%5Cu0026authentic_source%3DEHIC%3A00001%22%7D%7D%7D
authentic_source_person_id_128,Michelle,Williams,1992-03-29,FR,EHIC:00001,collect_id_ehic_128,EHIC,document_id_ehic_128,https://wallet.dc4eu.eu/cb?credential_offer=%7B%22credential_issuer%22%3A%22https%3A%2F%2Fsatosa-test-1.sunet.se%22%2C%22credential_configuration_ids%22%3A%5B%22EHICCredential%22%5D%2C%22grants%22%3A%7B%22authorization_code%22%3A%7B%22issuer_state%22%3A%22collect_id%3Dcollect_id_ehic_128%5Cu0026document_type%3DEHIC%5Cu0026authentic_source%3DEHIC%3A00001%22%7D%7D%7D
authentic_source_person_id_131,Reese,Witherspoon,1987-04-02,FR,EHIC:00001,collect_id_ehic_131,EHIC,document_id_ehic_131,https://wallet.dc4eu.eu/cb?credential_offer=%7B%22credential_issuer%22%3A%22https%3A%2F%2Fsatosa-test-1.sunet.se%22%2C%22credential_configuration_ids%22%3A%5B%22EHICCredential%22%5D%2C%22grants%22%3A%7B%22authorization_code%22%3A%7B%22issuer_state%22%3A%22collect_id%3Dcollect_id_ehic_131%5Cu0026document_type%3DEHIC%5Cu0026authentic_source%3DEHIC%3A00001%22%7D%7D%7D
authentic_source_person_id_137,Cate,Blanchett,2006-11-08,FR,EHIC:00001,collect_id_ehic_137,EHIC,document_id_ehic_137,https://wallet.dc4eu.eu/cb?credential_offer=%7B%22credential_issuer%22%3A%22https%3A%2F%2Fsatosa-test-1.sunet.se%22%2C%22credential_configuration_ids%22%3A%5B%22EHICCredential%22%5D%2C%22grants%22%3A%7B%22authorization_code%22%3A%7B%22issuer_state%22%3A%22collect_id%3Dcollect_id_ehic_137%5Cu0026document_type%3DEHIC%5Cu0026authentic_source%3DEHIC%3A00001%22%7D%7D%7D
authentic_source_person_id_145,Daniel,Craig,1988-10-29,FR,EHIC:00001,collect_id_ehic_145,EHIC,document_id_ehic_145,https://wallet.dc4eu.eu/cb?credential_offer=%7B%22credential_issuer%22%3A%22https%3A%2F%2Fsatosa-test-1.sunet.se%22%2C%22credential_configuration_ids%22%3A%5B%22EHICCredential%22%5D%2C%22grants%22%3A%7B%22authorization_code%22%3A%7B%22issuer_state%22%3A%22collect_id%3Dcollect_id_ehic_145%5Cu0026document_type%3DEHIC%5Cu0026authentic_source%3DEHIC%3A00001%22%7D%7D%7D
authentic_source_person_id_80,Jamie,Foxx,1977-07-03,FR,EHIC:00001,collect_id_ehic_80,EHIC,document_id_ehic_80,https://wallet.dc4eu.eu/cb?credential_offer=%7B%22credential_issuer%22%3A%22https%3A%2F%2Fsatosa-test-1.sunet.se%22%2C%22credential_configuration_ids%22%3A%5B%22EHICCredential%22%5D%2C%22grants%22%3A%7B%22authorization_code%22%3A%7B%22issuer_state%22%3A%22collect_id%3Dcollect_id_ehic_80%5Cu0026document_type%3DEHIC%5Cu0026authentic_source%3DEHIC%3A00001%22%7D%7D%7D
authentic_source_person_id_90,Samuel L.,Jackson,2007-01-27,FR,EHIC:00001,collect_id_ehic_90,EHIC,document_id_ehic_90,https://wallet.dc4eu.eu/cb?credential_offer=%7B%22credential_issuer%22%3A%22https%3A%2F%2Fsatosa-test-1.sunet.se%22%2C%22credential_configuration_ids%22%3A%5B%22EHICCredential%22%5D%2C%22grants%22%3A%7B%22authorization_code%22%3A%7B%22issuer_state%22%3A%22collect_id%3Dcollect_id_ehic_90%5Cu0026document_type%3DEHIC%5Cu0026authentic_source%3DEHIC%3A00001%22%7D%7D%7D
authentic_source_person_id_95,Mila,Kunis,1989-01-01,FR,EHIC:00001,collect_id_ehic_95,EHIC,document_id_ehic_95,https://wallet.dc4eu.eu/cb?credential_offer=%7B%22credential_issuer%22%3A%22https%3A%2F%2Fsatosa-test-1.sunet.se%22%2C%22credential_configuration_ids%22%3A%5B%22EHICCredential%22%5D%2C%22grants%22%3A%7B%22authorization_code%22%3A%7B%22issuer_state%22%3A%22collect_id%3Dcollect_id_ehic_95%5Cu0026document_type%3DEHIC%5Cu0026authentic_source%3DEHIC%3A00001%22%7D%7D%7D
authentic_source_person_id_98,Matthew,McConaughey,1977-09-09,FR,EHIC:00001,collect_id_ehic_98,EHIC,document_id_ehic_98,https://wallet.dc4eu.eu/cb?credential_offer=%7B%22credential_issuer%22%3A%22https%3A%2F%2Fsatosa-test-1.sunet.se%22%2C%22credential_configuration_ids%22%3A%5B%22EHICCredential%22%5D%2C%22grants%22%3A%7B%22authorization_code%22%3A%7B%22issuer_state%22%3A%22collect_id%3Dcollect_id_ehic_98%5Cu0026document_type%3DEHIC%5Cu0026authentic_source%3DEHIC%3A00001%22%7D%7D%7D
authentic_source_person_id_104,Michelle,Pfeiffer,1992-12-15,FR,EHIC:00001,collect_id_ehic_104,EHIC,document_id_ehic_104,https://wallet.dc4eu.eu/cb?credential_offer=%7B%22credential_issuer%22%3A%22https%3A%2F%2Fsatosa-test-1.sunet.se%22%2C%22credential_configuration_ids%22%3A%5B%22EHICCredential%22%5D%2C%22grants%22%3A%7B%22authorization_code%22%3A%7B%22issuer_state%22%3A%22collect_id%3Dcollect_id_ehic_104%5Cu0026document_type%3DEHIC%5Cu0026authentic_source%3DEHIC%3A00001%22%7D%7D%7D
authentic_source_person_id_132,Amy,Adams,1990-10-05,FR,EHIC:00001,collect_id_ehic_132,EHIC,document_id_ehic_132,https://wallet.dc4eu.eu/cb?credential_offer=%7B%22credential_issuer%22%3A%22https%3A%2F%2Fsatosa-test-1.sunet.se%22%2C%22credential_configuration_ids%22%3A%5B%22EHICCredential%22%5D%2C%22grants%22%3A%7B%22authorization_code%22%3A%7B%22issuer_state%22%3A%22collect_id%3Dcollect_id_ehic_132%5Cu0026document_type%3DEHIC%5Cu0026authentic_source%3DEHIC%3A00001%22%7D%7D%7D
authentic_source_person_id_140,Sandra,Bullock,1984-09-08,FR,EHIC:00001,collect_id_ehic_140,EHIC,document_id_ehic_140,https://wallet.dc4eu.eu/cb?credential_offer=%7B%22credential_issuer%22%3A%22https%3A%2F%2Fsatosa-test-1.sunet.se%22%2C%22credential_configuration_ids%22%3A%5B%22EHICCredential%22%5D%2C%22grants%22%3A%7B%22authorization_code%22%3A%7B%22issuer_state%22%3A%22collect_id%3Dcollect_id_ehic_140%5Cu0026document_type%3DEHIC%5Cu0026authentic_source%3DEHIC%3A00001%22%7D%7D%7D
authentic_source_person_id_119,Meryl,Streep,2005-07-29,FR,EHIC:00001,collect_id_ehic_119,EHIC,document_id_ehic_119,https://wallet.dc4eu.eu/cb?credential_offer=%7B%22credential_issuer%22%3A%22https%3A%2F%2Fsatosa-test-1.sunet.se%22%2C%22credential_configuration_ids%22%3A%5B%22EHICCredential%22%5D%2C%22grants%22%3A%7B%22authorization_code%22%3A%7B%22issuer_state%22%3A%22collect_id%3Dcollect_id_ehic_119%5Cu0026document_type%3DEHIC%5Cu0026authentic_source%3DEHIC%3A00001%22%7D%7D%7D
authentic_source_person_id_133,Ben,Affleck,1973-07-05,FR,EHIC:00001,collect_id_ehic_133,EHIC,document_id_ehic_133,https://wallet.dc4eu.eu/cb?credential_offer=%7B%22credential_issuer%22%3A%22https%3A%2F%2Fsatosa-test-1.sunet.se%22%2C%22credential_configuration_ids%22%3A%5B%22EHICCredential%22%5D%2C%22grants%22%3A%7B%22authorization_code%22%3A%7B%22issuer_state%22%3A%22collect_id%3Dcollect_id_ehic_133%5Cu0026document_type%3DEHIC%5Cu0026authentic_source%3DEHIC%3A00001%22%7D%7D%7D
authentic_source_person_id_75,Adam,Driver,1988-09-27,FR,EHIC:00001,collect_id_ehic_75,EHIC,document_id_ehic_75,https://wallet.dc4eu.eu/cb?credential_offer=%7B%22credential_issuer%22%3A%22https%3A%2F%2Fsatosa-test-1.sunet.se%22%2C%22credential_configuration_ids%22%3A%5B%22EHICCredential%22%5D%2C%22grants%22%3A%7B%22authorization_code%22%3A%7B%22issuer_state%22%3A%22collect_id%3Dcollect_id_ehic_75%5Cu0026document_type%3DEHIC%5Cu0026authentic_source%3DEHIC%3A00001%22%7D%7D%7D
authentic_source_person_id_76,Idris,Elba,1980-09-02,FR,EHIC:00001,collect_id_ehic_76,EHIC,document_id_ehic_76,https://wallet.dc4eu.eu/cb?credential_offer=%7B%22credential_issuer%22%3A%22https%3A%2F%2Fsatosa-test-1.sunet.se%22%2C%22credential_configuration_ids%22%3A%5B%22EHICCredential%22%5D%2C%22grants%22%3A%7B%22authorization_code%22%3A%7B%22issuer_state%22%3A%22collect_id%3Dcollect_id_ehic_76%5Cu0026document_type%3DEHIC%5Cu0026authentic_source%3DEHIC%3A00001%22%7D%7D%7D
authentic_source_person_id_89,Hugh,Jackman,1972-06-28,FR,EHIC:00001,collect_id_ehic_89,EHIC,document_id_ehic_89,https://wallet.dc4eu.eu/cb?credential_offer=%7B%22credential_issuer%22%3A%22https%3A%2F%2Fsatosa-test-1.sunet.se%22%2C%22credential_configuration_ids%22%3A%5B%22EHICCredential%22%5D%2C%22grants%22%3A%7B%22authorization_code%22%3A%7B%22issuer_state%22%3A%22collect_id%3Dcollect_id_ehic_89%5Cu0026document_type%3DEHIC%5Cu0026authentic_source%3DEHIC%3A00001%22%7D%7D%7D
authentic_source_person_id_107,Natalie,Portman,2005-09-01,FR,EHIC:00001,collect_id_ehic_107,EHIC,document_id_ehic_107,https://wallet.dc4eu.eu/cb?credential_offer=%7B%22credential_issuer%22%3A%22https%3A%2F%2Fsatosa-test-1.sunet.se%22%2C%22credential_configuration_ids%22%3A%5B%22EHICCredential%22%5D%2C%22grants%22%3A%7B%22authorization_code%22%3A%7B%22issuer_state%22%3A%22collect_id%3Dcollect_id_ehic_107%5Cu0026document_type%3DEHIC%5Cu0026authentic_source%3DEHIC%3A00001%22%7D%7D%7D
authentic_source_person_id_100,Helen,Mirren,1996-01-30,FR,EHIC:00001,collect_id_ehic_100,EHIC,document_id_ehic_100,https://wallet.dc4eu.eu/cb?credential_offer=%7B%22credential_issuer%22%3A%22https%3A%2F%2Fsatosa-test-1.sunet.se%22%2C%22credential_configuration_ids%22%3A%5B%22EHICCredential%22%5D%2C%22grants%22%3A%7B%22authorization_code%22%3A%7B%22issuer_state%22%3A%22collect_id%3Dcollect_id_ehic_100%5Cu0026document_type%3DEHIC%5Cu0026authentic_source%3DEHIC%3A00001%22%7D%7D%7D
authentic_source_person_id_115,Will,Smith,1992-03-13,FR,EHIC:00001,collect_id_ehic_115,EHIC,document_id_ehic_115,https://wallet.dc4eu.eu/cb?credential_offer=%7B%22credential_issuer%22%3A%22https%3A%2F%2Fsatosa-test-1.sunet.se%22%2C%22credential_configuration_ids%22%3A%5B%22EHICCredential%22%5D%2C%22grants%22%3A%7B%22authorization_code%22%3A%7B%22issuer_state%22%3A%22collect_id%3Dcollect_id_ehic_115%5Cu0026document_type%3DEHIC%5Cu0026authentic_source%3DEHIC%3A00001%22%7D%7D%7D
authentic_source_person_id_126,Denzel,Washington,1981-10-28,FR,EHIC:00001,collect_id_ehic_126,EHIC,document_id_ehic_126,https://wallet.dc4eu.eu/cb?credential_offer=%7B%22credential_issuer%22%3A%22https%3A%2F%2Fsatosa-test-1.sunet.se%22%2C%22credential_configuration_ids%22%3A%5B%22EHICCredential%22%5D%2C%22grants%22%3A%7B%22authorization_code%22%3A%7B%22issuer_state%22%3A%22collect_id%3Dcollect_id_ehic_126%5Cu0026document_type%3DEHIC%5Cu0026authentic_source%3DEHIC%3A00001%22%7D%7D%7D
authentic_source_person_id_147,Benedict,Cumberbatch,1987-10-24,FR,EHIC:00001,collect_id_ehic_147,EHIC,document_id_ehic_147,https://wallet.dc4eu.eu/cb?credential_offer=%7B%22credential_issuer%22%3A%22https%3A%2F%2Fsatosa-test-1.sunet.se%22%2C%22credential_configuration_ids%22%3A%5B%22EHICCredential%22%5D%2C%22grants%22%3A%7B%22authorization_code%22%3A%7B%22issuer_state%22%3A%22collect_id%3Dcollect_id_ehic_147%5Cu0026document_type%3DEHIC%5Cu0026authentic_source%3DEHIC%3A00001%22%7D%7D%7D
authentic_source_person_id_101,Jason,Momoa,1983-08-20,FR,EHIC:00001,collect_id_ehic_101,EHIC,document_id_ehic_101,https://wallet.dc4eu.eu/cb?credential_offer=%7B%22credential_issuer%22%3A%22https%3A%2F%2Fsatosa-test-1.sunet.se%22%2C%22credential_configuration_ids%22%3A%5B%22EHICCredential%22%5D%2C%22grants%22%3A%7B%22authorization_code%22%3A%7B%22issuer_state%22%3A%22collect_id%3Dcollect_id_ehic_101%5Cu0026document_type%3DEHIC%5Cu0026authentic_source%3DEHIC%3A00001%22%7D%7D%7D
authentic_source_person_id_117,Kristen,Stewart,1993-07-17,FR,EHIC:00001,collect_id_ehic_117,EHIC,document_id_ehic_117,https://wallet.dc4eu.eu/cb?credential_offer=%7B%22credential_issuer%22%3A%22https%3A%2F%2Fsatosa-test-1.sunet.se%22%2C%22credential_configuration_ids%22%3A%5B%22EHICCredential%22%5D%2C%22grants%22%3A%7B%22authorization_code%22%3A%7B%22issuer_state%22%3A%22collect_id%3Dcollect_id_ehic_117%5Cu0026document_type%3DEHIC%5Cu0026authentic_source%3DEHIC%3A00001%22%7D%7D%7D
authentic_source_person_id_121,Channing,Tatum,2006-10-22,FR,EHIC:00001,collect_id_ehic_121,EHIC,document_id_ehic_121,https://wallet.dc4eu.eu/cb?credential_offer=%7B%22credential_issuer%22%3A%22https%3A%2F%2Fsatosa-test-1.sunet.se%22%2C%22credential_configuration_ids%22%3A%5B%22EHICCredential%22%5D%2C%22grants%22%3A%7B%22authorization_code%22%3A%7B%22issuer_state%22%3A%22collect_id%3Dcollect_id_ehic_121%5Cu0026document_type%3DEHIC%5Cu0026authentic_source%3DEHIC%3A00001%22%7D%7D%7D
authentic_source_person_id_70,Robert,De Niro,1982-01-15,FR,EHIC:00001,collect_id_ehic_70,EHIC,document_id_ehic_70,https://wallet.dc4eu.eu/cb?credential_offer=%7B%22credential_issuer%22%3A%22https%3A%2F%2Fsatosa-test-1.sunet.se%22%2C%22credential_configuration_ids%22%3A%5B%22EHICCredential%22%5D%2C%22grants%22%3A%7B%22authorization_code%22%3A%7B%22issuer_state%22%3A%22collect_id%3Dcollect_id_ehic_70%5Cu0026document_type%3DEHIC%5Cu0026authentic_source%3DEHIC%3A00001%22%7D%7D%7D
authentic_source_person_id_71,Judi,Dench,1995-09-04,FR,EHIC:00001,collect_id_ehic_71,EHIC,document_id_ehic_71,https://wallet.dc4eu.eu/cb?credential_offer=%7B%22credential_issuer%22%3A%22https%3A%2F%2Fsatosa-test-1.sunet.se%22%2C%22credential_configuration_ids%22%3A%5B%22EHICCredential%22%5D%2C%22grants%22%3A%7B%22authorization_code%22%3A%7B%22issuer_state%22%3A%22collect_id%3Dcollect_id_ehic_71%5Cu0026document_type%3DEHIC%5Cu0026authentic_source%3DEHIC%3A00001%22%7D%7D%7D
authentic_source_person_id_83,Tom,Hanks,1989-12-04,FR,EHIC:00001,collect_id_ehic_83,EHIC,document_id_ehic_83,https://wallet.dc4eu.eu/cb?credential_offer=%7B%22credential_issuer%22%3A%22https%3A%2F%2Fsatosa-test-1.sunet.se%22%2C%22credential_configuration_ids%22%3A%5B%22EHICCredential%22%5D%2C%22grants%22%3A%7B%22authorization_code%22%3A%7B%22issuer_state%22%3A%22collect_id%3Dcollect_id_ehic_83%5Cu0026document_type%3DEHIC%5Cu0026authentic_source%3DEHIC%3A00001%22%7D%7D%7D
authentic_source_person_id_116,Octavia,Spencer,1997-11-18,FR,EHIC:00001,collect_id_ehic_116,EHIC,document_id_ehic_116,https://wallet.dc4eu.eu/cb?credential_offer=%7B%22credential_issuer%22%3A%22https%3A%2F%2Fsatosa-test-1.sunet.se%22%2C%22credential_configuration_ids%22%3A%5B%22EHICCredential%22%5D%2C%22grants%22%3A%7B%22authorization_code%22%3A%7B%22issuer_state%22%3A%22collect_id%3Dcollect_id_ehic_116%5Cu0026document_type%3DEHIC%5Cu0026authentic_source%3DEHIC%3A00001%22%7D%7D%7D
authentic_source_person_id_124,Alicia,Vikander,1985-11-09,FR,EHIC:00001,collect_id_ehic_124,EHIC,document_id_ehic_124,https://wallet.dc4eu.eu/cb?credential_offer=%7B%22credential_issuer%22%3A%22https%3A%2F%2Fsatosa-test-1.sunet.se%22%2C%22credential_configuration_ids%22%3A%5B%22EHICCredential%22%5D%2C%22grants%22%3A%7B%22authorization_code%22%3A%7B%22issuer_state%22%3A%22collect_id%3Dcollect_id_ehic_124%5Cu0026document_type%3DEHIC%5Cu0026authentic_source%3DEHIC%3A00001%22%7D%7D%7D
authentic_source_person_id_148,Matt,Damon,1971-07-09,FR,EHIC:00001,collect_id_ehic_148,EHIC,document_id_ehic_148,https://wallet.dc4eu.eu/cb?credential_offer=%7B%22credential_issuer%22%3A%22https%3A%2F%2Fsatosa-test-1.sunet.se%22%2C%22credential_configuration_ids%22%3A%5B%22EHICCredential%22%5D%2C%22grants%22%3A%7B%22authorization_code%22%3A%7B%22issuer_state%22%3A%22collect_id%3Dcollect_id_ehic_148%5Cu0026document_type%3DEHIC%5Cu0026authentic_source%3DEHIC%3A00001%22%7D%7D%7D
authentic_source_person_id_115,Will,Smith,1992-03-13,FR,PDA1:00001,collect_id_pda1_115,PDA1,document_id_pda1_115,https://wallet.dc4eu.eu/cb?credential_offer=%7B%22credential_issuer%22%3A%22https%3A%2F%2Fsatosa-test-1.sunet.se%22%2C%22credential_configuration_ids%22%3A%5B%22PDA1Credential%22%5D%2C%22grants%22%3A%7B%22authorization_code%22%3A%7B%22issuer_state%22%3A%22collect_id%3Dcollect_id_pda1_115%5Cu0026document_type%3DPDA1%5Cu0026authentic_source%3DPDA1%3A00001%22%7D%7D%7D
authentic_source_person_id_124,Alicia,Vikander,1985-11-09,FR,PDA1:00001,collect_id_pda1_124,PDA1,document_id_pda1_124,https://wallet.dc4eu.eu/cb?credential_offer=%7B%22credential_issuer%22%3A%22https%3A%2F%2Fsatosa-test-1.sunet.se%22%2C%22credential_configuration_ids%22%3A%5B%22PDA1Credential%22%5D%2C%22grants%22%3A%7B%22authorization_code%22%3A%7B%22issuer_state%22%3A%22collect_id%3Dcollect_id_pda1_124%5Cu0026document_type%3DPDA1%5Cu0026authentic_source%3DPDA1%3A00001%22%7D%7D%7D
authentic_source_person_id_132,Amy,Adams,1990-10-05,FR,PDA1:00001,collect_id_pda1_132,PDA1,document_id_pda1_132,https://wallet.dc4eu.eu/cb?credential_offer=%7B%22credential_issuer%22%3A%22https%3A%2F%2Fsatosa-test-1.sunet.se%22%2C%22credential_configuration_ids%22%3A%5B%22PDA1Credential%22%5D%2C%22grants%22%3A%7B%22authorization_code%22%3A%7B%22issuer_state%22%3A%22collect_id%3Dcollect_id_pda1_132%5Cu0026document_type%3DPDA1%5Cu0026authentic_source%3DPDA1%3A00001%22%7D%7D%7D
authentic_source_person_id_146,Penélope,Cruz,1994-05-22,FR,PDA1:00001,collect_id_pda1_146,PDA1,document_id_pda1_146,https://wallet.dc4eu.eu/cb?credential_offer=%7B%22credential_issuer%22%3A%22https%3A%2F%2Fsatosa-test-1.sunet.se%22%2C%22credential_configuration_ids%22%3A%5B%22PDA1Credential%22%5D%2C%22grants%22%3A%7B%22authorization_code%22%3A%7B%22issuer_state%22%3A%22collect_id%3Dcollect_id_pda1_146%5Cu0026document_type%3DPDA1%5Cu0026authentic_source%3DPDA1%3A00001%22%7D%7D%7D
authentic_source_person_id_71,Judi,Dench,1995-09-04,FR,PDA1:00001,collect_id_pda1_71,PDA1,document_id_pda1_71,https://wallet.dc4eu.eu/cb?credential_offer=%7B%22credential_issuer%22%3A%22https%3A%2F%2Fsatosa-test-1.sunet.se%22%2C%22credential_configuration_ids%22%3A%5B%22PDA1Credential%22%5D%2C%22grants%22%3A%7B%22authorization_code%22%3A%7B%22issuer_state%22%3A%22collect_id%3Dcollect_id_pda1_71%5Cu0026document_type%3DPDA1%5Cu0026authentic_source%3DPDA1%3A00001%22%7D%7D%7D
authentic_source_person_id_108,Chris,Pratt,1974-01-07,FR,PDA1:00001,collect_id_pda1_108,PDA1,document_id_pda1_108,https://wallet.dc4eu.eu/cb?credential_offer=%7B%22credential_issuer%22%3A%22https%3A%2F%2Fsatosa-test-1.sunet.se%22%2C%22credential_configuration_ids%22%3A%5B%22PDA1Credential%22%5D%2C%22grants%22%3A%7B%22authorization_code%22%3A%7B%22issuer_state%22%3A%22collect_id%3Dcollect_id_pda1_108%5Cu0026document_type%3DPDA1%5Cu0026authentic_source%3DPDA1%3A00001%22%7D%7D%7D
authentic_source_person_id_113,Julia,Roberts,1982-07-30,FR,PDA1:00001,collect_id_pda1_113,PDA1,document_id_pda1_113,https://wallet.dc4eu.eu/cb?credential_offer=%7B%22credential_issuer%22%3A%22https%3A%2F%2Fsatosa-test-1.sunet.se%22%2C%22credential_configuration_ids%22%3A%5B%22PDA1Credential%22%5D%2C%22grants%22%3A%7B%22authorization_code%22%3A%7B%22issuer_state%22%3A%22collect_id%3Dcollect_id_pda1_113%5Cu0026document_type%3DPDA1%5Cu0026authentic_source%3DPDA1%3A00001%22%7D%7D%7D
authentic_source_person_id_125,Christoph,Waltz,1986-03-23,FR,PDA1:00001,collect_id_pda1_125,PDA1,document_id_pda1_125,https://wallet.dc4eu.eu/cb?credential_offer=%7B%22credential_issuer%22%3A%22https%3A%2F%2Fsatosa-test-1.sunet.se%22%2C%22credential_configuration_ids%22%3A%5B%22PDA1Credential%22%5D%2C%22grants%22%3A%7B%22authorization_code%22%3A%7B%22issuer_state%22%3A%22collect_id%3Dcollect_id_pda1_125%5Cu0026document_type%3DPDA1%5Cu0026authentic_source%3DPDA1%3A00001%22%7D%7D%7D
authentic_source_person_id_127,Naomi,Watts,1990-07-24,FR,PDA1:00001,collect_id_pda1_127,PDA1,document_id_pda1_127,https://wallet.dc4eu.eu/cb?credential_offer=%7B%22credential_issuer%22%3A%22https%3A%2F%2Fsatosa-test-1.sunet.se%22%2C%22credential_configuration_ids%22%3A%5B%22PDA1Credential%22%5D%2C%22grants%22%3A%7B%22authorization_code%22%3A%7B%22issuer_state%22%3A%22collect_id%3Dcollect_id_pda1_127%5Cu0026document_type%3DPDA1%5Cu0026authentic_source%3DPDA1%3A00001%22%7D%7D%7D
authentic_source_person_id_86,Salma,Hayek,1983-08-27,FR,PDA1:00001,collect_id_pda1_86,PDA1,document_id_pda1_86,https://wallet.dc4eu.eu/cb?credential_offer=%7B%22credential_issuer%22%3A%22https%3A%2F%2Fsatosa-test-1.sunet.se%22%2C%22credential_configuration_ids%22%3A%5B%22PDA1Credential%22%5D%2C%22grants%22%3A%7B%22authorization_code%22%3A%7B%22issuer_state%22%3A%22collect_id%3Dcollect_id_pda1_86%5Cu0026document_type%3DPDA1%5Cu0026authentic_source%3DPDA1%3A00001%22%7D%7D%7D
authentic_source_person_id_90,Samuel L.,Jackson,2007-01-27,FR,PDA1:00001,collect_id_pda1_90,PDA1,document_id_pda1_90,https://wallet.dc4eu.eu/cb?credential_offer=%7B%22credential_issuer%22%3A%22https%3A%2F%2Fsatosa-test-1.sunet.se%22%2C%22credential_configuration_ids%22%3A%5B%22PDA1Credential%22%5D%2C%22grants%22%3A%7B%22authorization_code%22%3A%7B%22issuer_state%22%3A%22collect_id%3Dcollect_id_pda1_90%5Cu0026document_type%3DPDA1%5Cu0026authentic_source%3DPDA1%3A00001%22%7D%7D%7D
authentic_source_person_id_97,Rachel,McAdams,1998-06-09,FR,PDA1:00001,collect_id_pda1_97,PDA1,document_id_pda1_97,https://wallet.dc4eu.eu/cb?credential_offer=%7B%22credential_issuer%22%3A%22https%3A%2F%2Fsatosa-test-1.sunet.se%22%2C%22credential_configuration_ids%22%3A%5B%22PDA1Credential%22%5D%2C%22grants%22%3A%7B%22authorization_code%22%3A%7B%22issuer_state%22%3A%22collect_id%3Dcollect_id_pda1_97%5Cu0026document_type%3DPDA1%5Cu0026authentic_source%3DPDA1%3A00001%22%7D%7D%7D
authentic_source_person_id_73,Leonardo,DiCaprio,1972-08-28,FR,PDA1:00001,collect_id_pda1_73,PDA1,document_id_pda1_73,https://wallet.dc4eu.eu/cb?credential_offer=%7B%22credential_issuer%22%3A%22https%3A%2F%2Fsatosa-test-1.sunet.se%22%2C%22credential_configuration_ids%22%3A%5B%22PDA1Credential%22%5D%2C%22grants%22%3A%7B%22authorization_code%22%3A%7B%22issuer_state%22%3A%22collect_id%3Dcollect_id_pda1_73%5Cu0026document_type%3DPDA1%5Cu0026authentic_source%3DPDA1%3A00001%22%7D%7D%7D
authentic_source_person_id_88,Anthony,Hopkins,2006-08-16,FR,PDA1:00001,collect_id_pda1_88,PDA1,document_id_pda1_88,https://wallet.dc4eu.eu/cb?credential_offer=%7B%22credential_issuer%22%3A%22https%3A%2F%2Fsatosa-test-1.sunet.se%22%2C%22credential_configuration_ids%22%3A%5B%22PDA1Credential%22%5D%2C%22grants%22%3A%7B%22authorization_code%22%3A%7B%22issuer_state%22%3A%22collect_id%3Dcollect_id_pda1_88%5Cu0026document_type%3DPDA1%5Cu0026authentic_source%3DPDA1%3A00001%22%7D%7D%7D
authentic_source_person_id_147,Benedict,Cumberbatch,1987-10-24,FR,PDA1:00001,collect_id_pda1_147,PDA1,document_id_pda1_147,https://wallet.dc4eu.eu/cb?credential_offer=%7B%22credential_issuer%22%3A%22https%3A%2F%2Fsatosa-test-1.sunet.se%22%2C%22credential_configuration_ids%22%3A%5B%22PDA1Credential%22%5D%2C%22grants%22%3A%7B%22authorization_code%22%3A%7B%22issuer_state%22%3A%22collect_id%3Dcollect_id_pda1_147%5Cu0026document_type%3DPDA1%5Cu0026authentic_source%3DPDA1%3A00001%22%7D%7D%7D
authentic_source_person_id_74,Robert,Downey Jr.,1983-05-12,FR,PDA1:00001,collect_id_pda1_74,PDA1,document_id_pda1_74,https://wallet.dc4eu.eu/cb?credential_offer=%7B%22credential_issuer%22%3A%22https%3A%2F%2Fsatosa-test-1.sunet.se%22%2C%22credential_configuration_ids%22%3A%5B%22PDA1Credential%22%5D%2C%22grants%22%3A%7B%22authorization_code%22%3A%7B%22issuer_state%22%3A%22collect_id%3Dcollect_id_pda1_74%5Cu0026document_type%3DPDA1%5Cu0026authentic_source%3DPDA1%3A00001%22%7D%7D%7D
authentic_source_person_id_87,Chris,Hemsworth,1992-01-19,FR,PDA1:00001,collect_id_pda1_87,PDA1,document_id_pda1_87,https://wallet.dc4eu.eu/cb?credential_offer=%7B%22credential_issuer%22%3A%22https%3A%2F%2Fsatosa-test-1.sunet.se%22%2C%22credential_configuration_ids%22%3A%5B%22PDA1Credential%22%5D%2C%22grants%22%3A%7B%22authorization_code%22%3A%7B%22issuer_state%22%3A%22collect_id%3Dcollect_id_pda1_87%5Cu0026document_type%3DPDA1%5Cu0026authentic_source%3DPDA1%3A00001%22%7D%7D%7D
authentic_source_person_id_143,Jessica,Chastain,1982-10-19,FR,PDA1:00001,collect_id_pda1_143,PDA1,document_id_pda1_143,https://wallet.dc4eu.eu/cb?credential_offer=%7B%22credential_issuer%22%3A%22https%3A%2F%2Fsatosa-test-1.sunet.se%22%2C%22credential_configuration_ids%22%3A%5B%22PDA1Credential%22%5D%2C%22grants%22%3A%7B%22authorization_code%22%3A%7B%22issuer_state%22%3A%22collect_id%3Dcollect_id_pda1_143%5Cu0026document_type%3DPDA1%5Cu0026authentic_source%3DPDA1%3A00001%22%7D%7D%7D
authentic_source_person_id_95,Mila,Kunis,1989-01-01,FR,PDA1:00001,collect_id_pda1_95,PDA1,document_id_pda1_95,https://wallet.dc4eu.eu/cb?credential_offer=%7B%22credential_issuer%22%3A%22https%3A%2F%2Fsatosa-test-1.sunet.se%22%2C%22credential_configuration_ids%22%3A%5B%22PDA1Credential%22%5D%2C%22grants%22%3A%7B%22authorization_code%22%3A%7B%22issuer_state%22%3A%22collect_id%3Dcollect_id_pda1_95%5Cu0026document_type%3DPDA1%5Cu0026authentic_source%3DPDA1%3A00001%22%7D%7D%7D
authentic_source_person_id_106,Brad,Pitt,1974-12-07,FR,PDA1:00001,collect_id_pda1_106,PDA1,document_id_pda1_106,https://wallet.dc4eu.eu/cb?credential_offer=%7B%22credential_issuer%22%3A%22https%3A%2F%2Fsatosa-test-1.sunet.se%22%2C%22credential_configuration_ids%22%3A%5B%22PDA1Credential%22%5D%2C%22grants%22%3A%7B%22authorization_code%22%3A%7B%22issuer_state%22%3A%22collect_id%3Dcollect_id_pda1_106%5Cu0026document_type%3DPDA1%5Cu0026authentic_source%3DPDA1%3A00001%22%7D%7D%7D
authentic_source_person_id_109,Keanu,Reeves,1985-11-26,FR,PDA1:00001,collect_id_pda1_109,PDA1,document_id_pda1_109,https://wallet.dc4eu.eu/cb?credential_offer=%7B%22credential_issuer%22%3A%22https%3A%2F%2Fsatosa-test-1.sunet.se%22%2C%22credential_configuration_ids%22%3A%5B%22PDA1Credential%22%5D%2C%22grants%22%3A%7B%22authorization_code%22%3A%7B%22issuer_state%22%3A%22collect_id%3Dcollect_id_pda1_109%5Cu0026document_type%3DPDA1%5Cu0026authentic_source%3DPDA1%3A00001%22%7D%7D%7D
authentic_source_person_id_117,Kristen,Stewart,1993-07-17,FR,PDA1:00001,collect_id_pda1_117,PDA1,document_id_pda1_117,https://wallet.dc4eu.eu/cb?credential_offer=%7B%22credential_issuer%22%3A%22https%3A%2F%2Fsatosa-test-1.sunet.se%22%2C%22credential_configuration_ids%22%3A%5B%22PDA1Credential%22%5D%2C%22grants%22%3A%7B%22authorization_code%22%3A%7B%22issuer_state%22%3A%22collect_id%3Dcollect_id_pda1_117%5Cu0026document_type%3DPDA1%5Cu0026authentic_source%3DPDA1%3A00001%22%7D%7D%7D
authentic_source_person_id_118,Emma,Stone,1985-01-27,FR,PDA1:00001,collect_id_pda1_118,PDA1,document_id_pda1_118,https://wallet.dc4eu.eu/cb?credential_offer=%7B%22credential_issuer%22%3A%22https%3A%2F%2Fsatosa-test-1.sunet.se%22%2C%22credential_configuration_ids%22%3A%5B%22PDA1Credential%22%5D%2C%22grants%22%3A%7B%22authorization_code%22%3A%7B%22issuer_state%22%3A%22collect_id%3Dcollect_id_pda1_118%5Cu0026document_type%3DPDA1%5Cu0026authentic_source%3DPDA1%3A00001%22%7D%7D%7D
authentic_source_person_id_70,Robert,De Niro,1982-01-15,FR,PDA1:00001,collect_id_pda1_70,PDA1,document_id_pda1_70,https://wallet.dc4eu.eu/cb?credential_offer=%7B%22credential_issuer%22%3A%22https%3A%2F%2Fsatosa-test-1.sunet.se%22%2C%22credential_configuration_ids%22%3A%5B%22PDA1Credential%22%5D%2C%22grants%22%3A%7B%22authorization_code%22%3A%7B%22issuer_state%22%3A%22collect_id%3Dcollect_id_pda1_70%5Cu0026document_type%3DPDA1%5Cu0026authentic_source%3DPDA1%3A00001%22%7D%7D%7D
authentic_source_person_id_77,Colin,Farrell,1977-04-25,FR,PDA1:00001,collect_id_pda1_77,PDA1,document_id_pda1_77,https://wallet.dc4eu.eu/cb?credential_offer=%7B%22credential_issuer%22%3A%22https%3A%2F%2Fsatosa-test-1.sunet.se%22%2C%22credential_configuration_ids%22%3A%5B%22PDA1Credential%22%5D%2C%22grants%22%3A%7B%22authorization_code%22%3A%7B%22issuer_state%22%3A%22collect_id%3Dcollect_id_pda1_77%5Cu0026document_type%3DPDA1%5Cu0026authentic_source%3DPDA1%3A00001%22%7D%7D%7D
authentic_source_person_id_81,Morgan,Freeman,1990-08-24,FR,PDA1:00001,collect_id_pda1_81,PDA1,document_id_pda1_81,https://wallet.dc4eu.eu/cb?credential_offer=%7B%22credential_issuer%22%3A%22https%3A%2F%2Fsatosa-test-1.sunet.se%22%2C%22credential_configuration_ids%22%3A%5B%22PDA1Credential%22%5D%2C%22grants%22%3A%7B%22authorization_code%22%3A%7B%22issuer_state%22%3A%22collect_id%3Dcollect_id_pda1_81%5Cu0026document_type%3DPDA1%5Cu0026authentic_source%3DPDA1%3A00001%22%7D%7D%7D
authentic_source_person_id_122,Charlize,Theron,1988-12-11,FR,PDA1:00001,collect_id_pda1_122,PDA1,document_id_pda1_122,https://wallet.dc4eu.eu/cb?credential_offer=%7B%22credential_issuer%22%3A%22https%3A%2F%2Fsatosa-test-1.sunet.se%22%2C%22credential_configuration_ids%22%3A%5B%22PDA1Credential%22%5D%2C%22grants%22%3A%7B%22authorization_code%22%3A%7B%22issuer_state%22%3A%22collect_id%3Dcollect_id_pda1_122%5Cu0026document_type%3DPDA1%5Cu0026authentic_source%3DPDA1%3A00001%22%7D%7D%7D
authentic_source_person_id_135,Halle,Berry,1989-08-25,FR,PDA1:00001,collect_id_pda1_135,PDA1,document_id_pda1_135,https://wallet.dc4eu.eu/cb?credential_offer=%7B%22credential_issuer%22%3A%22https%3A%2F%2Fsatosa-test-1.sunet.se%22%2C%22credential_configuration_ids%22%3A%5B%22PDA1Credential%22%5D%2C%22grants%22%3A%7B%22authorization_code%22%3A%7B%22issuer_state%22%3A%22collect_id%3Dcollect_id_pda1_135%5Cu0026document_type%3DPDA1%5Cu0026authentic_source%3DPDA1%3A00001%22%7D%7D%7D
authentic_source_person_id_92,Dakota,Johnson,1999-04-21,FR,PDA1:00001,collect_id_pda1_92,PDA1,document_id_pda1_92,https://wallet.dc4eu.eu/cb?credential_offer=%7B%22credential_issuer%22%3A%22https%3A%2F%2Fsatosa-test-1.sunet.se%22%2C%22credential_configuration_ids%22%3A%5B%22PDA1Credential%22%5D%2C%22grants%22%3A%7B%22authorization_code%22%3A%7B%22issuer_state%22%3A%22collect_id%3Dcollect_id_pda1_92%5Cu0026document_type%3DPDA1%5Cu0026authentic_source%3DPDA1%3A00001%22%7D%7D%7D
authentic_source_person_id_93,Nicole,Kidman,1983-03-15,FR,PDA1:00001,collect_id_pda1_93,PDA1,document_id_pda1_93,https://wallet.dc4eu.eu/cb?credential_offer=%7B%22credential_issuer%22%3A%22https%3A%2F%2Fsatosa-test-1.sunet.se%22%2C%22credential_configuration_ids%22%3A%5B%22PDA1Credential%22%5D%2C%22grants%22%3A%7B%22authorization_code%22%3A%7B%22issuer_state%22%3A%22collect_id%3Dcollect_id_pda1_93%5Cu0026document_type%3DPDA1%5Cu0026authentic_source%3DPDA1%3A00001%22%7D%7D%7D
authentic_source_person_id_137,Cate,Blanchett,2006-11-08,FR,PDA1:00001,collect_id_pda1_137,PDA1,document_id_pda1_137,https://wallet.dc4eu.eu/cb?credential_offer=%7B%22credential_issuer%22%3A%22https%3A%2F%2Fsatosa-test-1.sunet.se%22%2C%22credential_configuration_ids%22%3A%5B%22PDA1Credential%22%5D%2C%22grants%22%3A%7B%22authorization_code%22%3A%7B%22issuer_state%22%3A%22collect_id%3Dcollect_id_pda1_137%5Cu0026document_type%3DPDA1%5Cu0026authentic_source%3DPDA1%3A00001%22%7D%7D%7D
authentic_source_person_id_138,Emily,Blunt,2000-08-15,FR,PDA1:00001,collect_id_pda1_138,PDA1,document_id_pda1_138,https://wallet.dc4eu.eu/cb?credential_offer=%7B%22credential_issuer%22%3A%22https%3A%2F%2Fsatosa-test-1.sunet.se%22%2C%22credential_configuration_ids%22%3A%5B%22PDA1Credential%22%5D%2C%22grants%22%3A%7B%22authorization_code%22%3A%7B%22issuer_state%22%3A%22collect_id%3Dcollect_id_pda1_138%5Cu0026document_type%3DPDA1%5Cu0026authentic_source%3DPDA1%3A00001%22%7D%7D%7D
authentic_source_person_id_78,Michael,Fassbender,1992-04-24,FR,PDA1:00001,collect_id_pda1_78,PDA1,document_id_pda1_78,https://wallet.dc4eu.eu/cb?credential_offer=%7B%22credential_issuer%22%3A%22https%3A%2F%2Fsatosa-test-1.sunet.se%22%2C%22credential_configuration_ids%22%3A%5B%22PDA1Credential%22%5D%2C%22grants%22%3A%7B%22authorization_code%22%3A%7B%22issuer_state%22%3A%22collect_id%3Dcollect_id_pda1_78%5Cu0026document_type%3DPDA1%5Cu0026authentic_source%3DPDA1%3A00001%22%7D%7D%7D
authentic_source_person_id_110,John C.,Reilly,2005-11-19,FR,PDA1:00001,collect_id_pda1_110,PDA1,document_id_pda1_110,https://wallet.dc4eu.eu/cb?credential_offer=%7B%22credential_issuer%22%3A%22https%3A%2F%2Fsatosa-test-1.sunet.se%22%2C%22credential_configuration_ids%22%3A%5B%22PDA1Credential%22%5D%2C%22grants%22%3A%7B%22authorization_code%22%3A%7B%22issuer_state%22%3A%22collect_id%3Dcollect_id_pda1_110%5Cu0026document_type%3DPDA1%5Cu0026authentic_source%3DPDA1%3A00001%22%7D%7D%7D
authentic_source_person_id_133,Ben,Affleck,1973-07-05,FR,PDA1:00001,collect_id_pda1_133,PDA1,document_id_pda1_133,https://wallet.dc4eu.eu/cb?credential_offer=%7B%22credential_issuer%22%3A%22https%3A%2F%2Fsatosa-test-1.sunet.se%22%2C%22credential_configuration_ids%22%3A%5B%22PDA1Credential%22%5D%2C%22grants%22%3A%7B%22authorization_code%22%3A%7B%22issuer_state%22%3A%22collect_id%3Dcollect_id_pda1_133%5Cu0026document_type%3DPDA1%5Cu0026authentic_source%3DPDA1%3A00001%22%7D%7D%7D
authentic_source_person_id_104,Michelle,Pfeiffer,1992-12-15,FR,PDA1:00001,collect_id_pda1_104,PDA1,document_id_pda1_104,https://wallet.dc4eu.eu/cb?credential_offer=%7B%22credential_issuer%22%3A%22https%3A%2F%2Fsatosa-test-1.sunet.se%22%2C%22credential_configuration_ids%22%3A%5B%22PDA1Credential%22%5D%2C%22grants%22%3A%7B%22authorization_code%22%3A%7B%22issuer_state%22%3A%22collect_id%3Dcollect_id_pda1_104%5Cu0026document_type%3DPDA1%5Cu0026authentic_source%3DPDA1%3A00001%22%7D%7D%7D
authentic_source_person_id_79,Jodie,Foster,1991-10-30,FR,PDA1:00001,collect_id_pda1_79,PDA1,document_id_pda1_79,https://wallet.dc4eu.eu/cb?credential_offer=%7B%22credential_issuer%22%3A%22https%3A%2F%2Fsatosa-test-1.sunet.se%22%2C%22credential_configuration_ids%22%3A%5B%22PDA1Credential%22%5D%2C%22grants%22%3A%7B%22authorization_code%22%3A%7B%22issuer_state%22%3A%22collect_id%3Dcollect_id_pda1_79%5Cu0026document_type%3DPDA1%5Cu0026authentic_source%3DPDA1%3A00001%22%7D%7D%7D
authentic_source_person_id_98,Matthew,McConaughey,1977-09-09,FR,PDA1:00001,collect_id_pda1_98,PDA1,document_id_pda1_98,https://wallet.dc4eu.eu/cb?credential_offer=%7B%22credential_issuer%22%3A%22https%3A%2F%2Fsatosa-test-1.sunet.se%22%2C%22credential_configuration_ids%22%3A%5B%22PDA1Credential%22%5D%2C%22grants%22%3A%7B%22authorization_code%22%3A%7B%22issuer_state%22%3A%22collect_id%3Dcollect_id_pda1_98%5Cu0026document_type%3DPDA1%5Cu0026authentic_source%3DPDA1%3A00001%22%7D%7D%7D
authentic_source_person_id_101,Jason,Momoa,1983-08-20,FR,PDA1:00001,collect_id_pda1_101,PDA1,document_id_pda1_101,https://wallet.dc4eu.eu/cb?credential_offer=%7B%22credential_issuer%22%3A%22https%3A%2F%2Fsatosa-test-1.sunet.se%22%2C%22credential_configuration_ids%22%3A%5B%22PDA1Credential%22%5D%2C%22grants%22%3A%7B%22authorization_code%22%3A%7B%22issuer_state%22%3A%22collect_id%3Dcollect_id_pda1_101%5Cu0026document_type%3DPDA1%5Cu0026authentic_source%3DPDA1%3A00001%22%7D%7D%7D
authentic_source_person_id_129,Owen,Wilson,2007-09-11,FR,PDA1:00001,collect_id_pda1_129,PDA1,document_id_pda1_129,https://wallet.dc4eu.eu/cb?credential_offer=%7B%22credential_issuer%22%3A%22https%3A%2F%2Fsatosa-test-1.sunet.se%22%2C%22credential_configuration_ids%22%3A%5B%22PDA1Credential%22%5D%2C%22grants%22%3A%7B%22authorization_code%22%3A%7B%22issuer_state%22%3A%22collect_id%3Dcollect_id_pda1_129%5Cu0026document_type%3DPDA1%5Cu0026authentic_source%3DPDA1%3A00001%22%7D%7D%7D
authentic_source_person_id_142,Steve,Carell,2005-06-04,FR,PDA1:00001,collect_id_pda1_142,PDA1,document_id_pda1_142,https://wallet.dc4eu.eu/cb?credential_offer=%7B%22credential_issuer%22%3A%22https%3A%2F%2Fsatosa-test-1.sunet.se%22%2C%22credential_configuration_ids%22%3A%5B%22PDA1Credential%22%5D%2C%22grants%22%3A%7B%22authorization_code%22%3A%7B%22issuer_state%22%3A%22collect_id%3Dcollect_id_pda1_142%5Cu0026document_type%3DPDA1%5Cu0026authentic_source%3DPDA1%3A00001%22%7D%7D%7D
authentic_source_person_id_84,Zoe,Saldana,1981-11-23,FR,PDA1:00001,collect_id_pda1_84,PDA1,document_id_pda1_84,https://wallet.dc4eu.eu/cb?credential_offer=%7B%22credential_issuer%22%3A%22https%3A%2F%2Fsatosa-test-1.sunet.se%22%2C%22credential_configuration_ids%22%3A%5B%22PDA1Credential%22%5D%2C%22grants%22%3A%7B%22authorization_code%22%3A%7B%22issuer_state%22%3A%22collect_id%3Dcollect_id_pda1_84%5Cu0026document_type%3DPDA1%5Cu0026authentic_source%3DPDA1%3A00001%22%7D%7D%7D
authentic_source_person_id_100,Helen,Mirren,1996-01-30,FR,PDA1:00001,collect_id_pda1_100,PDA1,document_id_pda1_100,https://wallet.dc4eu.eu/cb?credential_offer=%7B%22credential_issuer%22%3A%22https%3A%2F%2Fsatosa-test-1.sunet.se%22%2C%22credential_configuration_ids%22%3A%5B%22PDA1Credential%22%5D%2C%22grants%22%3A%7B%22authorization_code%22%3A%7B%22issuer_state%22%3A%22collect_id%3Dcollect_id_pda1_100%5Cu0026document_type%3DPDA1%5Cu0026authentic_source%3DPDA1%3A00001%22%7D%7D%7D
authentic_source_person_id_112,Margot,Robbie,1991-02-14,FR,PDA1:00001,collect_id_pda1_112,PDA1,document_id_pda1_112,https://wallet.dc4eu.eu/cb?credential_offer=%7B%22credential_issuer%22%3A%22https%3A%2F%2Fsatosa-test-1.sunet.se%22%2C%22credential_configuration_ids%22%3A%5B%22PDA1Credential%22%5D%2C%22grants%22%3A%7B%22authorization_code%22%3A%7B%22issuer_state%22%3A%22collect_id%3Dcollect_id_pda1_112%5Cu0026document_type%3DPDA1%5Cu0026authentic_source%3DPDA1%3A00001%22%7D%7D%7D
authentic_source_person_id_96,Jennifer,Lawrence,2006-02-14,FR,PDA1:00001,collect_id_pda1_96,PDA1,document_id_pda1_96,https://wallet.dc4eu.eu/cb?credential_offer=%7B%22credential_issuer%22%3A%22https%3A%2F%2Fsatosa-test-1.sunet.se%22%2C%22credential_configuration_ids%22%3A%5B%22PDA1Credential%22%5D%2C%22grants%22%3A%7B%22authorization_code%22%3A%7B%22issuer_state%22%3A%22collect_id%3Dcollect_id_pda1_96%5Cu0026document_type%3DPDA1%5Cu0026authentic_source%3DPDA1%3A00001%22%7D%7D%7D
authentic_source_person_id_103,Al,Pacino,1984-06-11,FR,PDA1:00001,collect_id_pda1_103,PDA1,document_id_pda1_103,https://wallet.dc4eu.eu/cb?credential_offer=%7B%22credential_issuer%22%3A%22https%3A%2F%2Fsatosa-test-1.sunet.se%22%2C%22credential_configuration_ids%22%3A%5B%22PDA1Credential%22%5D%2C%22grants%22%3A%7B%22authorization_code%22%3A%7B%22issuer_state%22%3A%22collect_id%3Dcollect_id_pda1_103%5Cu0026document_type%3DPDA1%5Cu0026authentic_source%3DPDA1%3A00001%22%7D%7D%7D
authentic_source_person_id_141,Nicolas,Cage,2005-05-13,FR,PDA1:00001,collect_id_pda1_141,PDA1,document_id_pda1_141,https://wallet.dc4eu.eu/cb?credential_offer=%7B%22credential_issuer%22%3A%22https%3A%2F%2Fsatosa-test-1.sunet.se%22%2C%22credential_configuration_ids%22%3A%5B%22PDA1Credential%22%5D%2C%22grants%22%3A%7B%22authorization_code%22%3A%7B%22issuer_state%22%3A%22collect_id%3Dcollect_id_pda1_141%5Cu0026document_type%3DPDA1%5Cu0026authentic_source%3DPDA1%3A00001%22%7D%7D%7D
authentic_source_person_id_111,Ryan,Reynolds,1988-12-05,FR,PDA1:00001,collect_id_pda1_111,PDA1,document_id_pda1_111,https://wallet.dc4eu.eu/cb?credential_offer=%7B%22credential_issuer%22%3A%22https%3A%2F%2Fsatosa-test-1.sunet.se%22%2C%22credential_configuration_ids%22%3A%5B%22PDA1Credential%22%5D%2C%22grants%22%3A%7B%22authorization_code%22%3A%7B%22issuer_state%22%3A%22collect_id%3Dcollect_id_pda1_111%5Cu0026document_type%3DPDA1%5Cu0026authentic_source%3DPDA1%3A00001%22%7D%7D%7D
authentic_source_person_id_128,Michelle,Williams,1992-03-29,FR,PDA1:00001,collect_id_pda1_128,PDA1,document_id_pda1_128,https://wallet.dc4eu.eu/cb?credential_offer=%7B%22credential_issuer%22%3A%22https%3A%2F%2Fsatosa-test-1.sunet.se%22%2C%22credential_configuration_ids%22%3A%5B%22PDA1Credential%22%5D%2C%22grants%22%3A%7B%22authorization_code%22%3A%7B%22issuer_state%22%3A%22collect_id%3Dcollect_id_pda1_128%5Cu0026document_type%3DPDA1%5Cu0026authentic_source%3DPDA1%3A00001%22%7D%7D%7D
authentic_source_person_id_145,Daniel,Craig,1988-10-29,FR,PDA1:00001,collect_id_pda1_145,PDA1,document_id_pda1_145,https://wallet.dc4eu.eu/cb?credential_offer=%7B%22credential_issuer%22%3A%22https%3A%2F%2Fsatosa-test-1.sunet.se%22%2C%22credential_configuration_ids%22%3A%5B%22PDA1Credential%22%5D%2C%22grants%22%3A%7B%22authorization_code%22%3A%7B%22issuer_state%22%3A%22collect_id%3Dcollect_id_pda1_145%5Cu0026document_type%3DPDA1%5Cu0026authentic_source%3DPDA1%3A00001%22%7D%7D%7D
authentic_source_person_id_76,Idris,Elba,1980-09-02,FR,PDA1:00001,collect_id_pda1_76,PDA1,document_id_pda1_76,https://wallet.dc4eu.eu/cb?credential_offer=%7B%22credential_issuer%22%3A%22https%3A%2F%2Fsatosa-test-1.sunet.se%22%2C%22credential_configuration_ids%22%3A%5B%22PDA1Credential%22%5D%2C%22grants%22%3A%7B%22authorization_code%22%3A%7B%22issuer_state%22%3A%22collect_id%3Dcollect_id_pda1_76%5Cu0026document_type%3DPDA1%5Cu0026authentic_source%3DPDA1%3A00001%22%7D%7D%7D
authentic_source_person_id_83,Tom,Hanks,1989-12-04,FR,PDA1:00001,collect_id_pda1_83,PDA1,document_id_pda1_83,https://wallet.dc4eu.eu/cb?credential_offer=%7B%22credential_issuer%22%3A%22https%3A%2F%2Fsatosa-test-1.sunet.se%22%2C%22credential_configuration_ids%22%3A%5B%22PDA1Credential%22%5D%2C%22grants%22%3A%7B%22authorization_code%22%3A%7B%22issuer_state%22%3A%22collect_id%3Dcollect_id_pda1_83%5Cu0026document_type%3DPDA1%5Cu0026authentic_source%3DPDA1%3A00001%22%7D%7D%7D
authentic_source_person_id_85,Anne,Hathaway,1987-05-06,FR,PDA1:00001,collect_id_pda1_85,PDA1,document_id_pda1_85,https://wallet.dc4eu.eu/cb?credential_offer=%7B%22credential_issuer%22%3A%22https%3A%2F%2Fsatosa-test-1.sunet.se%22%2C%22credential_configuration_ids%22%3A%5B%22PDA1Credential%22%5D%2C%22grants%22%3A%7B%22authorization_code%22%3A%7B%22issuer_state%22%3A%22collect_id%3Dcollect_id_pda1_85%5Cu0026document_type%3DPDA1%5Cu0026authentic_source%3DPDA1%3A00001%22%7D%7D%7D
authentic_source_person_id_116,Octavia,Spencer,1997-11-18,FR,PDA1:00001,collect_id_pda1_116,PDA1,document_id_pda1_116,https://wallet.dc4eu.eu/cb?credential_offer=%7B%22credential_issuer%22%3A%22https%3A%2F%2Fsatosa-test-1.sunet.se%22%2C%22credential_configuration_ids%22%3A%5B%22PDA1Credential%22%5D%2C%22grants%22%3A%7B%22authorization_code%22%3A%7B%22issuer_state%22%3A%22collect_id%3Dcollect_id_pda1_116%5Cu0026document_type%3DPDA1%5Cu0026authentic_source%3DPDA1%3A00001%22%7D%7D%7D
authentic_source_person_id_121,Channing,Tatum,2006-10-22,FR,PDA1:00001,collect_id_pda1_121,PDA1,document_id_pda1_121,https://wallet.dc4eu.eu/cb?credential_offer=%7B%22credential_issuer%22%3A%22https%3A%2F%2Fsatosa-test-1.sunet.se%22%2C%22credential_configuration_ids%22%3A%5B%22PDA1Credential%22%5D%2C%22grants%22%3A%7B%22authorization_code%22%3A%7B%22issuer_state%22%3A%22collect_id%3Dcollect_id_pda1_121%5Cu0026document_type%3DPDA1%5Cu0026authentic_source%3DPDA1%3A00001%22%7D%7D%7D
authentic_source_person_id_120,Tilda,Swinton,1984-04-14,FR,PDA1:00001,collect_id_pda1_120,PDA1,document_id_pda1_120,https://wallet.dc4eu.eu/cb?credential_offer=%7B%22credential_issuer%22%3A%22https%3A%2F%2Fsatosa-test-1.sunet.se%22%2C%22credential_configuration_ids%22%3A%5B%22PDA1Credential%22%5D%2C%22grants%22%3A%7B%22authorization_code%22%3A%7B%22issuer_state%22%3A%22collect_id%3Dcollect_id_pda1_120%5Cu0026document_type%3DPDA1%5Cu0026authentic_source%3DPDA1%3A00001%22%7D%7D%7D
authentic_source_person_id_126,Denzel,Washington,1981-10-28,FR,PDA1:00001,collect_id_pda1_126,PDA1,document_id_pda1_126,https://wallet.dc4eu.eu/cb?credential_offer=%7B%22credential_issuer%22%3A%22https%3A%2F%2Fsatosa-test-1.sunet.se%22%2C%22credential_configuration_ids%22%3A%5B%22PDA1Credential%22%5D%2C%22grants%22%3A%7B%22authorization_code%22%3A%7B%22issuer_state%22%3A%22collect_id%3Dcollect_id_pda1_126%5Cu0026document_type%3DPDA1%5Cu0026authentic_source%3DPDA1%3A00001%22%7D%7D%7D
authentic_source_person_id_130,Kate,Winslet,1986-06-19,FR,PDA1:00001,collect_id_pda1_130,PDA1,document_id_pda1_130,https://wallet.dc4eu.eu/cb?credential_offer=%7B%22credential_issuer%22%3A%22https%3A%2F%2Fsatosa-test-1.sunet.se%22%2C%22credential_configuration_ids%22%3A%5B%22PDA1Credential%22%5D%2C%22grants%22%3A%7B%22authorization_code%22%3A%7B%22issuer_state%22%3A%22collect_id%3Dcollect_id_pda1_130%5Cu0026document_type%3DPDA1%5Cu0026authentic_source%3DPDA1%3A00001%22%7D%7D%7D
authentic_source_person_id_134,Anne,Bancroft,1980-12-30,FR,PDA1:00001,collect_id_pda1_134,PDA1,document_id_pda1_134,https://wallet.dc4eu.eu/cb?credential_offer=%7B%22credential_issuer%22%3A%22https%3A%2F%2Fsatosa-test-1.sunet.se%22%2C%22credential_configuration_ids%22%3A%5B%22PDA1Credential%22%5D%2C%22grants%22%3A%7B%22authorization_code%22%3A%7B%22issuer_state%22%3A%22collect_id%3Dcollect_id_pda1_134%5Cu0026document_type%3DPDA1%5Cu0026authentic_source%3DPDA1%3A00001%22%7D%7D%7D
authentic_source_person_id_80,Jamie,Foxx,1977-07-03,FR,PDA1:00001,collect_id_pda1_80,PDA1,document_id_pda1_80,https://wallet.dc4eu.eu/cb?credential_offer=%7B%22credential_issuer%22%3A%22https%3A%2F%2Fsatosa-test-1.sunet.se%22%2C%22credential_configuration_ids%22%3A%5B%22PDA1Credential%22%5D%2C%22grants%22%3A%7B%22authorization_code%22%3A%7B%22issuer_state%22%3A%22collect_id%3Dcollect_id_pda1_80%5Cu0026document_type%3DPDA1%5Cu0026authentic_source%3DPDA1%3A00001%22%7D%7D%7D
authentic_source_person_id_89,Hugh,Jackman,1972-06-28,FR,PDA1:00001,collect_id_pda1_89,PDA1,document_id_pda1_89,https://wallet.dc4eu.eu/cb?credential_offer=%7B%22credential_issuer%22%3A%22https%3A%2F%2Fsatosa-test-1.sunet.se%22%2C%22credential_configuration_ids%22%3A%5B%22PDA1Credential%22%5D%2C%22grants%22%3A%7B%22authorization_code%22%3A%7B%22issuer_state%22%3A%22collect_id%3Dcollect_id_pda1_89%5Cu0026document_type%3DPDA1%5Cu0026authentic_source%3DPDA1%3A00001%22%7D%7D%7D
authentic_source_person_id_107,Natalie,Portman,2005-09-01,FR,PDA1:00001,collect_id_pda1_107,PDA1,document_id_pda1_107,https://wallet.dc4eu.eu/cb?credential_offer=%7B%22credential_issuer%22%3A%22https%3A%2F%2Fsatosa-test-1.sunet.se%22%2C%22credential_configuration_ids%22%3A%5B%22PDA1Credential%22%5D%2C%22grants%22%3A%7B%22authorization_code%22%3A%7B%22issuer_state%22%3A%22collect_id%3Dcollect_id_pda1_107%5Cu0026document_type%3DPDA1%5Cu0026authentic_source%3DPDA1%3A00001%22%7D%7D%7D
authentic_source_person_id_114,Paul,Rudd,2006-03-28,FR,PDA1:00001,collect_id_pda1_114,PDA1,document_id_pda1_114,https://wallet.dc4eu.eu/cb?credential_offer=%7B%22credential_issuer%22%3A%22https%3A%2F%2Fsatosa-test-1.sunet.se%22%2C%22credential_configuration_ids%22%3A%5B%22PDA1Credential%22%5D%2C%22grants%22%3A%7B%22authorization_code%22%3A%7B%22issuer_state%22%3A%22collect_id%3Dcollect_id_pda1_114%5Cu0026document_type%3DPDA1%5Cu0026authentic_source%3DPDA1%3A00001%22%7D%7D%7D
authentic_source_person_id_131,Reese,Witherspoon,1987-04-02,FR,PDA1:00001,collect_id_pda1_131,PDA1,document_id_pda1_131,https://wallet.dc4eu.eu/cb?credential_offer=%7B%22credential_issuer%22%3A%22https%3A%2F%2Fsatosa-test-1.sunet.se%22%2C%22credential_configuration_ids%22%3A%5B%22PDA1Credential%22%5D%2C%22grants%22%3A%7B%22authorization_code%22%3A%7B%22issuer_state%22%3A%22collect_id%3Dcollect_id_pda1_131%5Cu0026document_type%3DPDA1%5Cu0026authentic_source%3DPDA1%3A00001%22%7D%7D%7D
authentic_source_person_id_136,Jessica,Biel,1988-09-12,FR,PDA1:00001,collect_id_pda1_136,PDA1,document_id_pda1_136,https://wallet.dc4eu.eu/cb?credential_offer=%7B%22credential_issuer%22%3A%22https%3A%2F%2Fsatosa-test-1.sunet.se%22%2C%22credential_configuration_ids%22%3A%5B%22PDA1Credential%22%5D%2C%22grants%22%3A%7B%22authorization_code%22%3A%7B%22issuer_state%22%3A%22collect_id%3Dcollect_id_pda1_136%5Cu0026document_type%3DPDA1%5Cu0026authentic_source%3DPDA1%3A00001%22%7D%7D%7D
authentic_source_person_id_148,Matt,Damon,1971-07-09,FR,PDA1:00001,collect_id_pda1_148,PDA1,document_id_pda1_148,https://wallet.dc4eu.eu/cb?credential_offer=%7B%22credential_issuer%22%3A%22https%3A%2F%2Fsatosa-test-1.sunet.se%22%2C%22credential_configuration_ids%22%3A%5B%22PDA1Credential%22%5D%2C%22grants%22%3A%7B%22authorization_code%22%3A%7B%22issuer_state%22%3A%22collect_id%3Dcollect_id_pda1_148%5Cu0026document_type%3DPDA1%5Cu0026authentic_source%3DPDA1%3A00001%22%7D%7D%7D
authentic_source_person_id_75,Adam,Driver,1988-09-27,FR,PDA1:00001,collect_id_pda1_75,PDA1,document_id_pda1_75,https://wallet.dc4eu.eu/cb?credential_offer=%7B%22credential_issuer%22%3A%22https%3A%2F%2Fsatosa-test-1.sunet.se%22%2C%22credential_configuration_ids%22%3A%5B%22PDA1Credential%22%5D%2C%22grants%22%3A%7B%22authorization_code%22%3A%7B%22issuer_state%22%3A%22collect_id%3Dcollect_id_pda1_75%5Cu0026document_type%3DPDA1%5Cu0026authentic_source%3DPDA1%3A00001%22%7D%7D%7D
authentic_source_person_id_94,Vanessa,Kirby,1993-06-28,FR,PDA1:00001,collect_id_pda1_94,PDA1,document_id_pda1_94,https://wallet.dc4eu.eu/cb?credential_offer=%7B%22credential_issuer%22%3A%22https%3A%2F%2Fsatosa-test-1.sunet.se%22%2C%22credential_configuration_ids%22%3A%5B%22PDA1Credential%22%5D%2C%22grants%22%3A%7B%22authorization_code%22%3A%7B%22issuer_state%22%3A%22collect_id%3Dcollect_id_pda1_94%5Cu0026document_type%3DPDA1%5Cu0026authentic_source%3DPDA1%3A00001%22%7D%7D%7D
authentic_source_person_id_99,Ewan,McGregor,1991-08-29,FR,PDA1:00001,collect_id_pda1_99,PDA1,document_id_pda1_99,https://wallet.dc4eu.eu/cb?credential_offer=%7B%22credential_issuer%22%3A%22https%3A%2F%2Fsatosa-test-1.sunet.se%22%2C%22credential_configuration_ids%22%3A%5B%22PDA1Credential%22%5D%2C%22grants%22%3A%7B%22authorization_code%22%3A%7B%22issuer_state%22%3A%22collect_id%3Dcollect_id_pda1_99%5Cu0026document_type%3DPDA1%5Cu0026authentic_source%3DPDA1%3A00001%22%7D%7D%7D
authentic_source_person_id_119,Meryl,Streep,2005-07-29,FR,PDA1:00001,collect_id_pda1_119,PDA1,document_id_pda1_119,https://wallet.dc4eu.eu/cb?credential_offer=%7B%22credential_issuer%22%3A%22https%3A%2F%2Fsatosa-test-1.sunet.se%22%2C%22credential_configuration_ids%22%3A%5B%22PDA1Credential%22%5D%2C%22grants%22%3A%7B%22authorization_code%22%3A%7B%22issuer_state%22%3A%22collect_id%3Dcollect_id_pda1_119%5Cu0026document_type%3DPDA1%5Cu0026authentic_source%3DPDA1%3A00001%22%7D%7D%7D
authentic_source_person_id_139,John,Boyega,2005-12-05,FR,PDA1:00001,collect_id_pda1_139,PDA1,document_id_pda1_139,https://wallet.dc4eu.eu/cb?credential_offer=%7B%22credential_issuer%22%3A%22https%3A%2F%2Fsatosa-test-1.sunet.se%22%2C%22credential_configuration_ids%22%3A%5B%22PDA1Credential%22%5D%2C%22grants%22%3A%7B%22authorization_code%22%3A%7B%22issuer_state%22%3A%22collect_id%3Dcollect_id_pda1_139%5Cu0026document_type%3DPDA1%5Cu0026authentic_source%3DPDA1%3A00001%22%7D%7D%7D
authentic_source_person_id_144,Glenn,Close,1981-02-05,FR,PDA1:00001,collect_id_pda1_144,PDA1,document_id_pda1_144,https://wallet.dc4eu.eu/cb?credential_offer=%7B%22credential_issuer%22%3A%22https%3A%2F%2Fsatosa-test-1.sunet.se%22%2C%22credential_configuration_ids%22%3A%5B%22PDA1Credential%22%5D%2C%22grants%22%3A%7B%22authorization_code%22%3A%7B%22issuer_state%22%3A%22collect_id%3Dcollect_id_pda1_144%5Cu0026document_type%3DPDA1%5Cu0026authentic_source%3DPDA1%3A00001%22%7D%7D%7D
authentic_source_person_id_72,Johnny,Depp,1985-12-03,FR,PDA1:00001,collect_id_pda1_72,PDA1,document_id_pda1_72,https://wallet.dc4eu.eu/cb?credential_offer=%7B%22credential_issuer%22%3A%22https%3A%2F%2Fsatosa-test-1.sunet.se%22%2C%22credential_configuration_ids%22%3A%5B%22PDA1Credential%22%5D%2C%22grants%22%3A%7B%22authorization_code%22%3A%7B%22issuer_state%22%3A%22collect_id%3Dcollect_id_pda1_72%5Cu0026document_type%3DPDA1%5Cu0026authentic_source%3DPDA1%3A00001%22%7D%7D%7D
authentic_source_person_id_82,Donald,Glover,2007-03-17,FR,PDA1:00001,collect_id_pda1_82,PDA1,document_id_pda1_82,https://wallet.dc4eu.eu/cb?credential_offer=%7B%22credential_issuer%22%3A%22https%3A%2F%2Fsatosa-test-1.sunet.se%22%2C%22credential_configuration_ids%22%3A%5B%22PDA1Credential%22%5D%2C%22grants%22%3A%7B%22authorization_code%22%3A%7B%22issuer_state%22%3A%22collect_id%3Dcollect_id_pda1_82%5Cu0026document_type%3DPDA1%5Cu0026authentic_source%3DPDA1%3A00001%22%7D%7D%7D
authentic_source_person_id_102,Gary,Oldman,1988-09-09,FR,PDA1:00001,collect_id_pda1_102,PDA1,document_id_pda1_102,https://wallet.dc4eu.eu/cb?credential_offer=%7B%22credential_issuer%22%3A%22https%3A%2F%2Fsatosa-test-1.sunet.se%22%2C%22credential_configuration_ids%22%3A%5B%22PDA1Credential%22%5D%2C%22grants%22%3A%7B%22authorization_code%22%3A%7B%22issuer_state%22%3A%22collect_id%3Dcollect_id_pda1_102%5Cu0026document_type%3DPDA1%5Cu0026authentic_source%3DPDA1%3A00001%22%7D%7D%7D
authentic_source_person_id_140,Sandra,Bullock,1984-09-08,FR,PDA1:00001,collect_id_pda1_140,PDA1,document_id_pda1_140,https://wallet.dc4eu.eu/cb?credential_offer=%7B%22credential_issuer%22%3A%22https%3A%2F%2Fsatosa-test-1.sunet.se%22%2C%22credential_configuration_ids%22%3A%5B%22PDA1Credential%22%5D%2C%22grants%22%3A%7B%22authorization_code%22%3A%7B%22issuer_state%22%3A%22collect_id%3Dcollect_id_pda1_140%5Cu0026document_type%3DPDA1%5Cu0026authentic_source%3DPDA1%3A00001%22%7D%7D%7D
authentic_source_person_id_149,Viola,Davis,2007-04-20,FR,PDA1:00001,collect_id_pda1_149,PDA1,document_id_pda1_149,https://wallet.dc4eu.eu/cb?credential_offer=%7B%22credential_issuer%22%3A%22https%3A%2F%2Fsatosa-test-1.sunet.se%22%2C%22credential_configuration_ids%22%3A%5B%22PDA1Credential%22%5D%2C%22grants%22%3A%7B%22authorization_code%22%3A%7B%22issuer_state%22%3A%22collect_id%3Dcollect_id_pda1_149%5Cu0026document_type%3DPDA1%5Cu0026authentic_source%3DPDA1%3A00001%22%7D%7D%7D
authentic_source_person_id_91,Scarlett,Johansson,1980-05-12,FR,PDA1:00001,collect_id_pda1_91,PDA1,document_id_pda1_91,https://wallet.dc4eu.eu/cb?credential_offer=%7B%22credential_issuer%22%3A%22https%3A%2F%2Fsatosa-test-1.sunet.se%22%2C%22credential_configuration_ids%22%3A%5B%22PDA1Credential%22%5D%2C%22grants%22%3A%7B%22authorization_code%22%3A%7B%22issuer_state%22%3A%22collect_id%3Dcollect_id_pda1_91%5Cu0026document_type%3DPDA1%5Cu0026authentic_source%3DPDA1%3A00001%22%7D%7D%7D
authentic_source_person_id_105,Joaquin,Phoenix,1979-10-16,FR,PDA1:00001,collect_id_pda1_105,PDA1,document_id_pda1_105,https://wallet.dc4eu.eu/cb?credential_offer=%7B%22credential_issuer%22%3A%22https%3A%2F%2Fsatosa-test-1.sunet.se%22%2C%22credential_configuration_ids%22%3A%5B%22PDA1Credential%22%5D%2C%22grants%22%3A%7B%22authorization_code%22%3A%7B%22issuer_state%22%3A%22collect_id%3Dcollect_id_pda1_105%5Cu0026document_type%3DPDA1%5Cu0026authentic_source%3DPDA1%3A00001%22%7D%7D%7D
authentic_source_person_id_123,Vince,Vaughn,1988-02-19,FR,PDA1:00001,collect_id_pda1_123,PDA1,document_id_pda1_123,https://wallet.dc4eu.eu/cb?credential_offer=%7B%22credential_issuer%22%3A%22https%3A%2F%2Fsatosa-test-1.sunet.se%22%2C%22credential_configuration_ids%22%3A%5B%22PDA1Credential%22%5D%2C%22grants%22%3A%7B%22authorization_code%22%3A%7B%22issuer_state%22%3A%22collect_id%3Dcollect_id_pda1_123%5Cu0026document_type%3DPDA1%5Cu0026authentic_source%3DPDA1%3A00001%22%7D%7D%7D
